46,00:00.0,1549
66,00:00.0,1792
89,00:00.0,824
145,00:00.0,494
151,00:00.0,2493
154,00:00.0,9993
156,00:00.0,5200
157,00:00.0,8986
169,00:00.0,2611
173,00:00.0,9027
180,00:00.0,10215
199,00:00.0,4608
228,00:00.0,6070
234,00:00.0,1010
243,00:00.0,32
286,00:00.0,9824
305,00:00.0,5618
321,00:00.0,4282
342,00:00.0,8809
381,00:00.0,5756
398,00:00.0,1365
450,00:00.0,5085
477,00:00.0,8511
482,00:00.0,9156
491,00:00.0,3945
529,00:00.0,844
536,00:00.0,9981
559,00:00.0,1944
560,00:00.0,744
617,00:00.0,6154
622,00:00.0,3892
625,00:00.0,5918
637,00:00.0,2259
661,00:00.0,2991
665,00:00.0,5648
680,00:00.0,4599
685,00:00.0,10745
692,00:00.0,442
693,00:00.0,10081
760,00:00.0,444
777,00:00.0,7761
796,00:00.0,11292
843,00:00.0,8345
866,00:00.0,6788
898,00:00.0,5271
926,00:00.0,8052
944,00:00.0,2917
965,00:00.0,1907
968,00:00.0,7845
984,00:00.0,12350
1072,00:00.0,11480
1124,00:00.0,3703
1127,00:00.0,1069
1159,00:00.0,9619
1167,00:00.0,1204
1187,00:00.0,5813
1194,00:00.0,12161
1214,00:00.0,7892
1216,00:00.0,2846
1220,00:00.0,2944
1233,00:00.0,3184
1258,00:00.0,7958
1266,00:00.0,10850
1268,00:00.0,12018
1270,00:00.0,6909
1284,00:00.0,1750
1358,00:00.0,4041
1395,00:00.0,3147
1397,00:00.0,11571
1403,00:00.0,12379
1429,00:00.0,5109
1455,00:00.0,4875
1463,00:00.0,9735
1508,00:00.0,6622
1518,00:00.0,4739
1529,00:00.0,34
1588,00:00.0,5477
1603,00:00.0,5274
1642,00:00.0,946
1668,00:00.0,11833
1693,00:00.0,3885
1719,00:00.0,940
1748,00:00.0,1932
1750,00:00.0,2912
1767,00:00.0,10205
1770,00:00.0,480
1814,00:00.0,8774
1842,00:00.0,4354
1869,00:00.0,9913
1871,00:00.0,6850
1907,00:00.0,3667
1913,00:00.0,7502
1932,00:00.0,6098
1956,00:00.0,5233
1967,00:00.0,8683
1983,00:00.0,11093
1985,00:00.0,2798
1992,00:00.0,3461
2007,00:00.0,3175
2011,00:00.0,10819
2013,00:00.0,9167
2057,00:00.0,361
2067,00:00.0,1739
2076,00:00.0,4960
2083,00:00.0,2189
2093,00:00.0,4033
2097,00:00.0,9672
2145,00:00.0,1257
2147,00:00.0,4769
2156,00:00.0,2335
2202,00:00.0,6440
2219,00:00.0,7915
2258,00:00.0,5541
2300,00:00.0,146
2308,00:00.0,1423
2309,00:00.0,8098
2322,00:00.0,11551
2331,00:00.0,2846
2333,00:00.0,7413
2349,00:00.0,889
2386,00:00.0,2045
2429,00:00.0,7084
2439,00:00.0,7271
2454,00:00.0,4139
2475,00:00.0,11965
2497,00:00.0,6913
2508,00:00.0,11762
2513,00:00.0,11341
2538,00:00.0,9057
2648,00:00.0,11959
2671,00:00.0,9575
2708,00:00.0,2580
2733,00:00.0,11555
2743,00:00.0,2330
2757,00:00.0,245
2768,00:00.0,4204
2781,00:00.0,12284
2791,00:00.0,7942
2822,00:00.0,364
2837,00:00.0,7263
2862,00:00.0,3332
2892,00:00.0,1297
2912,00:00.0,9053
2917,00:00.0,7898
2961,00:00.0,4186
2962,00:00.0,10627
2973,00:00.0,2234
3038,00:00.0,2800
3084,00:00.0,6491
3091,00:00.0,2114
3142,00:00.0,8901
3145,00:00.0,7270
3152,00:00.0,6838
3167,00:00.0,4941
3206,00:00.0,3384
3227,00:00.0,7594
3276,00:00.0,2029
3362,00:00.0,11080
3381,00:00.0,10023
3420,00:00.0,10873
3449,00:00.0,3946
3474,00:00.0,9172
3509,00:00.0,12251
3525,00:00.0,6339
3550,00:00.0,9204
3556,00:00.0,11037
3557,00:00.0,11789
3559,00:00.0,4788
3580,00:00.0,4097
3612,00:00.0,5266
3627,00:00.0,6906
3676,00:00.0,1620
3693,00:00.0,2365
3739,00:00.0,666
3780,00:00.0,10430
3812,00:00.0,4132
3838,00:00.0,3310
3840,00:00.0,10475
3859,00:00.0,5370
3861,00:00.0,10289
3876,00:00.0,9567
3884,00:00.0,7001
3900,00:00.0,11382
3910,00:00.0,5109
3939,00:00.0,12100
3974,00:00.0,688
3990,00:00.0,5075
4015,00:00.0,3360
4032,00:00.0,12431
4163,00:00.0,654
4170,00:00.0,735
4197,00:00.0,8721
4224,00:00.0,141
4232,00:00.0,3202
4238,00:00.0,6585
4243,00:00.0,2248
4262,00:00.0,3169
4271,00:00.0,7438
4272,00:00.0,1980
4291,00:00.0,3261
4331,00:00.0,11134
4351,00:00.0,7378
4366,00:00.0,8317
4381,00:00.0,5541
4412,00:00.0,8894
4415,00:00.0,8399
4443,00:00.0,3817
4471,00:00.0,5800
4501,00:00.0,4799
4552,00:00.0,4993
4555,00:00.0,9097
4569,00:00.0,2216
4570,00:00.0,3407
4580,00:00.0,5400
4583,00:00.0,11217
4613,00:00.0,8205
4618,00:00.0,4473
4623,00:00.0,897
4631,00:00.0,8461
4648,00:00.0,3304
4668,00:00.0,3851
4680,00:00.0,10672
4684,00:00.0,9641
4701,00:00.0,7330
4717,00:00.0,7205
4725,00:00.0,393
4734,00:00.0,6768
4737,00:00.0,3993
4738,00:00.0,62
4749,00:00.0,5636
4781,00:00.0,2404
4839,00:00.0,4986
4857,00:00.0,3488
4874,00:00.0,8804
4876,00:00.0,12226
4886,00:00.0,2872
4931,00:00.0,9920
4933,00:00.0,3498
4953,00:00.0,7791
4966,00:00.0,4888
4973,00:00.0,12409
4976,00:00.0,11037
4995,00:00.0,4567
4997,00:00.0,8141
5014,00:00.0,4863
5043,00:00.0,8413
5044,00:00.0,9701
5045,00:00.0,11783
5056,00:00.0,93
5069,00:00.0,746
5116,00:00.0,2596
5182,00:00.0,7507
5183,00:00.0,10512
5186,00:00.0,5865
5195,00:00.0,1182
5209,00:00.0,9565
5212,00:00.0,1571
5221,00:00.0,8652
5230,00:00.0,10096
5239,00:00.0,5573
5246,00:00.0,8427
5251,00:00.0,3975
5260,00:00.0,2032
5276,00:00.0,5771
5287,00:00.0,2628
5294,00:00.0,3062
5319,00:00.0,8305
5328,00:00.0,10351
5335,00:00.0,5547
5361,00:00.0,755
5362,00:00.0,758
5378,00:00.0,9079
5404,00:00.0,6059
5438,00:00.0,2645
5452,00:00.0,3247
5473,00:00.0,1159
5481,00:00.0,2842
5485,00:00.0,3917
5490,00:00.0,255
5543,00:00.0,9692
5547,00:00.0,2944
5563,00:00.0,185
5564,00:00.0,8987
5576,00:00.0,6457
5590,00:00.0,1279
5607,00:00.0,5388
5609,00:00.0,9949
5649,00:00.0,568
5696,00:00.0,7277
5824,00:00.0,1112
5836,00:00.0,7684
5844,00:00.0,747
5878,00:00.0,1435
5880,00:00.0,912
5905,00:00.0,8393
5906,00:00.0,113
5947,00:00.0,1894
5965,00:00.0,1824
5985,00:00.0,4911
5986,00:00.0,4138
6008,00:00.0,9781
6057,00:00.0,437
6073,00:00.0,11129
6114,00:00.0,247
6143,00:00.0,6551
6172,00:00.0,11234
6181,00:00.0,5841
6185,00:00.0,12015
6203,00:00.0,10105
6204,00:00.0,9044
6206,00:00.0,8211
6225,00:00.0,10744
6240,00:00.0,9363
6257,00:00.0,7123
6293,00:00.0,3890
6342,00:00.0,12220
6347,00:00.0,6146
6356,00:00.0,3980
6373,00:00.0,11995
6382,00:00.0,11664
6406,00:00.0,9413
6413,00:00.0,11166
6455,00:00.0,11346
6478,00:00.0,4373
6543,00:00.0,11974
6608,00:00.0,12183
6622,00:00.0,3843
6642,00:00.0,4352
6644,00:00.0,9260
6650,00:00.0,9737
6674,00:00.0,7579
6695,00:00.0,11127
6724,00:00.0,9131
6731,00:00.0,10397
6736,00:00.0,577
6739,00:00.0,9614
6741,00:00.0,9466
6742,00:00.0,9090
6756,00:00.0,5648
6759,00:00.0,10905
6764,00:00.0,2301
6790,00:00.0,9309
6793,00:00.0,3965
6802,00:00.0,9978
6824,00:00.0,11784
6872,00:00.0,2644
6877,00:00.0,7082
6880,00:00.0,2775
6882,00:00.0,10269
6896,00:00.0,654
6900,00:00.0,1762
6927,00:00.0,9132
6928,00:00.0,9300
6946,00:00.0,7319
6974,00:00.0,9155
7028,00:00.0,6686
7066,00:00.0,5050
7088,00:00.0,6156
7101,00:00.0,3216
7124,00:00.0,10206
7133,00:00.0,551
7139,00:00.0,9523
7162,00:00.0,9601
7172,00:00.0,7367
7176,00:00.0,9891
7183,00:00.0,12265
7191,00:00.0,11536
7200,00:00.0,1483
7231,00:00.0,5182
7242,00:00.0,11990
7245,00:00.0,6344
7261,00:00.0,11472
7263,00:00.0,11926
7303,00:00.0,3313
7317,00:00.0,156
7329,00:00.0,10833
7349,00:00.0,1846
7362,00:00.0,4112
7367,00:00.0,6532
7412,00:00.0,5446
7428,00:00.0,2829
7433,00:00.0,8231
7449,00:00.0,3717
7467,00:00.0,450
7472,00:00.0,12068
7483,00:00.0,3696
7493,00:00.0,7919
7519,00:00.0,1813
7522,00:00.0,9347
7524,00:00.0,11249
7532,00:00.0,11793
7561,00:00.0,11662
7565,00:00.0,1117
7573,00:00.0,10180
7631,00:00.0,5888
7632,00:00.0,2932
7662,00:00.0,10634
7670,00:00.0,10878
7689,00:00.0,7837
7697,00:00.0,9749
7700,00:00.0,48
7729,00:00.0,10960
7737,00:00.0,3042
7748,00:00.0,3751
7771,00:00.0,10908
7780,00:00.0,11970
7805,00:00.0,4949
7806,00:00.0,4290
7815,00:00.0,74
7823,00:00.0,9501
7839,00:00.0,7999
7856,00:00.0,1625
7873,00:00.0,4568
7890,00:00.0,11516
7914,00:00.0,1617
7932,00:00.0,2496
7974,00:00.0,7716
7995,00:00.0,9680
8027,00:00.0,6826
8036,00:00.0,9981
8039,00:00.0,4264
8042,00:00.0,6459
8087,00:00.0,6402
8135,00:00.0,5569
8137,00:00.0,2425
8147,00:00.0,8524
8148,00:00.0,11390
8174,00:00.0,8843
8182,00:00.0,7443
8194,00:00.0,1307
8249,00:00.0,12421
8327,00:00.0,2928
8328,00:00.0,4304
8341,00:00.0,11396
8343,00:00.0,3330
8344,00:00.0,11555
8346,00:00.0,5972
8381,00:00.0,10195
8392,00:00.0,1542
8418,00:00.0,6066
8428,00:00.0,7993
8453,00:00.0,8978
8478,00:00.0,2705
8485,00:00.0,2503
8489,00:00.0,9113
8505,00:00.0,8579
8522,00:00.0,7755
8554,00:00.0,7826
8596,00:00.0,5234
8599,00:00.0,1298
8613,00:00.0,3221
8637,00:00.0,1651
8645,00:00.0,4537
8673,00:00.0,7641
8684,00:00.0,5293
8716,00:00.0,2662
8743,00:00.0,8070
8761,00:00.0,9147
8776,00:00.0,8666
8779,00:00.0,8691
8782,00:00.0,9353
8791,00:00.0,4573
8792,00:00.0,857
8824,00:00.0,705
8840,00:00.0,6107
8862,00:00.0,7941
8864,00:00.0,11056
8869,00:00.0,913
8875,00:00.0,7717
8877,00:00.0,7424
8888,00:00.0,7719
8895,00:00.0,11825
8901,00:00.0,9375
8903,00:00.0,9528
8915,00:00.0,4751
8926,00:00.0,10517
8927,00:00.0,1292
8954,00:00.0,7584
8965,00:00.0,8854
8968,00:00.0,10797
8996,00:00.0,9301
9012,00:00.0,4338
9042,00:00.0,8967
9049,00:00.0,9504
9055,00:00.0,985
9065,00:00.0,8725
9078,00:00.0,1017
9087,00:00.0,8391
9091,00:00.0,9884
9115,00:00.0,10284
9125,00:00.0,1569
9137,00:00.0,6563
9138,00:00.0,11873
9147,00:00.0,2253
9229,00:00.0,10141
9237,00:00.0,3644
9244,00:00.0,3868
9264,00:00.0,4949
9265,00:00.0,10014
9286,00:00.0,5395
9297,00:00.0,5676
9304,00:00.0,11756
9314,00:00.0,8918
9317,00:00.0,7197
9323,00:00.0,10350
9347,00:00.0,6738
9364,00:00.0,10289
9394,00:00.0,6725
9422,00:00.0,348
9471,00:00.0,5316
9472,00:00.0,5155
9489,00:00.0,2436
9496,00:00.0,4618
9513,00:00.0,9727
9603,00:00.0,9740
9635,00:00.0,11924
9655,00:00.0,7976
9675,00:00.0,4042
9699,00:00.0,282
9729,00:00.0,9933
9756,00:00.0,10830
9798,00:00.0,10359
9839,00:00.0,9837
9844,00:00.0,6919
9851,00:00.0,10642
9896,00:00.0,10248
9899,00:00.0,1605
9919,00:00.0,6824
9924,00:00.0,5849
9938,00:00.0,5080
9976,00:00.0,5737
9979,00:00.0,11432
9984,00:00.0,4795
10009,00:00.0,1942
10038,00:00.0,10836
10039,00:00.0,8702
10043,00:00.0,4863
10052,00:00.0,2348
10058,00:00.0,5033
10080,00:00.0,10251
10084,00:00.0,5370
10112,00:00.0,10506
10141,00:00.0,3595
10210,00:00.0,11195
10217,00:00.0,10430
10229,00:00.0,7713
10263,00:00.0,8066
10285,00:00.0,1488
10310,00:00.0,7518
10336,00:00.0,3959
10351,00:00.0,723
10359,00:00.0,11260
10374,00:00.0,9179
10380,00:00.0,4614
10383,00:00.0,5414
10405,00:00.0,2634
10410,00:00.0,7762
10437,00:00.0,12308
10441,00:00.0,9673
10470,00:00.0,1649
10491,00:00.0,10899
10496,00:00.0,4543
10501,00:00.0,7541
10503,00:00.0,7630
10511,00:00.0,11574
10513,00:00.0,2693
10524,00:00.0,13
10526,00:00.0,2173
10534,00:00.0,7153
10557,00:00.0,1146
10596,00:00.0,7191
10608,00:00.0,1556
10613,00:00.0,5661
10616,00:00.0,9898
10634,00:00.0,5625
10636,00:00.0,6379
10651,00:00.0,6947
10680,00:00.0,7774
10754,00:00.0,8356
10758,00:00.0,6806
10777,00:00.0,4016
10847,00:00.0,2585
10852,00:00.0,4553
10940,00:00.0,4465
10985,00:00.0,3981
11012,00:00.0,10031
11020,00:00.0,658
11053,00:00.0,1059
11088,00:00.0,6042
11110,00:00.0,1461
11112,00:00.0,4964
11126,00:00.0,11262
11132,00:00.0,8794
11143,00:00.0,11667
11152,00:00.0,11597
11165,00:00.0,2430
11167,00:00.0,6926
11169,00:00.0,10371
11254,00:00.0,3898
11303,00:00.0,1580
11349,00:00.0,7147
11370,00:00.0,6411
11372,00:00.0,1100
11390,00:00.0,9571
11441,00:00.0,7882
11446,00:00.0,6685
11462,00:00.0,6810
11482,00:00.0,548
11541,00:00.0,7877
11573,00:00.0,6711
11624,00:00.0,280
11637,00:00.0,7156
11666,00:00.0,8313
11683,00:00.0,4213
11697,00:00.0,2224
11698,00:00.0,2835
11726,00:00.0,1577
11736,00:00.0,11240
11751,00:00.0,3199
11763,00:00.0,5654
11810,00:00.0,12178
11821,00:00.0,3714
11832,00:00.0,2197
11834,00:00.0,6647
11857,00:00.0,10513
11866,00:00.0,9510
11880,00:00.0,2642
11884,00:00.0,5865
11888,00:00.0,12152
11913,00:00.0,2058
11931,00:00.0,8585
11938,00:00.0,5963
11980,00:00.0,5459
11984,00:00.0,6966
12018,00:00.0,11241
12023,00:00.0,6064
12025,00:00.0,1833
12048,00:00.0,2181
12056,00:00.0,924
12066,00:00.0,7111
12083,00:00.0,11206
12123,00:00.0,7532
12155,00:00.0,10185
12169,00:00.0,2113
12172,00:00.0,1680
12180,00:00.0,7118
12185,00:00.0,7012
12191,00:00.0,241
12216,00:00.0,11246
12264,00:00.0,4943
12267,00:00.0,2217
12276,00:00.0,6247
12305,00:00.0,281
12309,00:00.0,2946
12364,00:00.0,4309
12376,00:00.0,10454
12402,00:00.0,2643
12426,00:00.0,234
12444,00:00.0,12397
12466,00:00.0,7384
12478,00:00.0,8305
12527,00:00.0,6412
12562,00:00.0,3905
12563,00:00.0,4725
12566,00:00.0,11936
12569,00:00.0,7555
12573,00:00.0,257
12598,00:00.0,3502
12618,00:00.0,6480
12623,00:00.0,6906
12668,00:00.0,6443
12674,00:00.0,11603
12705,00:00.0,3568
12728,00:00.0,5926
12745,00:00.0,3470
12752,00:00.0,5154
12772,00:00.0,165
12774,00:00.0,7759
12776,00:00.0,12035
12791,00:00.0,7887
12793,00:00.0,1296
12818,00:00.0,2935
12841,00:00.0,860
12852,00:00.0,5402
12866,00:00.0,10782
12867,00:00.0,882
12883,00:00.0,8015
12885,00:00.0,8030
12905,00:00.0,2478
12913,00:00.0,3166
12916,00:00.0,10698
12924,00:00.0,12112
12948,00:00.0,3813
12953,00:00.0,4863
12964,00:00.0,1004
13024,00:00.0,6816
13028,00:00.0,8047
13038,00:00.0,7005
13053,00:00.0,7975
13072,00:00.0,6117
13168,00:00.0,11187
13189,00:00.0,1135
13214,00:00.0,6866
13245,00:00.0,3662
13251,00:00.0,9737
13266,00:00.0,12293
13275,00:00.0,542
13290,00:00.0,7826
13323,00:00.0,209
13327,00:00.0,5330
13341,00:00.0,4810
13362,00:00.0,3509
13429,00:00.0,3675
13443,00:00.0,4078
13477,00:00.0,3546
13481,00:00.0,6183
13546,00:00.0,7106
13569,00:00.0,9222
13590,00:00.0,8724
13595,00:00.0,5585
13603,00:00.0,10241
13606,00:00.0,5713
13607,00:00.0,11454
13644,00:00.0,1583
13686,00:00.0,7219
13690,00:00.0,12056
13698,00:00.0,8993
13702,00:00.0,10912
13713,00:00.0,2006
13738,00:00.0,4470
13740,00:00.0,6785
13779,00:00.0,4370
13787,00:00.0,898
13793,00:00.0,10226
13811,00:00.0,11579
13831,00:00.0,3284
13832,00:00.0,9476
13839,00:00.0,726
13841,00:00.0,3610
13847,00:00.0,5412
13882,00:00.0,4876
13909,00:00.0,11870
13914,00:00.0,10738
13947,00:00.0,10681
13953,00:00.0,5987
13998,00:00.0,10315
14009,00:00.0,2389
14040,00:00.0,1490
14062,00:00.0,5780
14063,00:00.0,11623
14091,00:00.0,3214
14134,00:00.0,320
14149,00:00.0,10988
14155,00:00.0,2022
14186,00:00.0,10584
14196,00:00.0,8964
14206,00:00.0,10205
14231,00:00.0,10651
14286,00:00.0,10091
14302,00:00.0,5039
14305,00:00.0,7580
14309,00:00.0,433
14346,00:00.0,12211
14351,00:00.0,9342
14370,00:00.0,6355
14394,00:00.0,223
14405,00:00.0,1105
14420,00:00.0,4013
14438,00:00.0,11039
14444,00:00.0,4616
14457,00:00.0,7998
14475,00:00.0,12307
14493,00:00.0,12122
14505,00:00.0,5491
14516,00:00.0,8577
14535,00:00.0,3420
14557,00:00.0,9306
14558,00:00.0,12358
14588,00:00.0,1191
14590,00:00.0,9771
14612,00:00.0,1928
14615,00:00.0,579
14618,00:00.0,4092
14620,00:00.0,6125
14636,00:00.0,1097
14644,00:00.0,7922
14654,00:00.0,6982
14655,00:00.0,3093
14671,00:00.0,10400
14702,00:00.0,6215
14707,00:00.0,1637
14739,00:00.0,7557
14753,00:00.0,1032
14761,00:00.0,7601
14773,00:00.0,5209
14776,00:00.0,12359
14782,00:00.0,10633
14839,00:00.0,12032
14851,00:00.0,599
14938,00:00.0,5438
14948,00:00.0,649
14953,00:00.0,355
14964,00:00.0,5148
15001,00:00.0,7157
15021,00:00.0,131
15038,00:00.0,4904
15043,00:00.0,1202
15048,00:00.0,5764
15082,00:00.0,9664
15140,00:00.0,4829
15141,00:00.0,2157
15173,00:00.0,5403
15196,00:00.0,5344
15208,00:00.0,3381
15219,00:00.0,8048
15297,00:00.0,1089
15337,00:00.0,4719
15346,00:00.0,8211
15349,00:00.0,11777
15357,00:00.0,510
15377,00:00.0,5624
15379,00:00.0,6005
15391,00:00.0,4154
15406,00:00.0,7493
15430,00:00.0,2654
15455,00:00.0,4047
15466,00:00.0,6662
15483,00:00.0,2198
15491,00:00.0,10635
15493,00:00.0,1104
15501,00:00.0,9703
15521,00:00.0,11923
15530,00:00.0,12005
15551,00:00.0,1021
15558,00:00.0,6723
15564,00:00.0,12284
15567,00:00.0,11519
15568,00:00.0,6112
15584,00:00.0,11473
15589,00:00.0,2904
15631,00:00.0,527
15633,00:00.0,12262
15641,00:00.0,1745
15653,00:00.0,5126
15675,00:00.0,1492
15692,00:00.0,7795
15713,00:00.0,8516
15723,00:00.0,5876
15738,00:00.0,7975
15749,00:00.0,8302
15781,00:00.0,7696
15784,00:00.0,2907
15792,00:00.0,550
15813,00:00.0,11378
15829,00:00.0,6487
15833,00:00.0,2687
15876,00:00.0,5657
15886,00:00.0,3608
15945,00:00.0,9142
15959,00:00.0,7158
15963,00:00.0,1373
15992,00:00.0,9693
15995,00:00.0,4381
15998,00:00.0,2548
16010,00:00.0,620
16014,00:00.0,230
16044,00:00.0,1236
16113,00:00.0,5129
16114,00:00.0,8406
16159,00:00.0,10198
16202,00:00.0,11449
16219,00:00.0,6451
16256,00:00.0,4560
16283,00:00.0,4764
16316,00:00.0,12324
16331,00:00.0,12325
16349,00:00.0,1534
16355,00:00.0,5732
16377,00:00.0,11156
16382,00:00.0,7665
16389,00:00.0,9141
16412,00:00.0,6804
16437,00:00.0,9675
16441,00:00.0,11143
16449,00:00.0,11031
16476,00:00.0,11473
16492,00:00.0,6123
16497,00:00.0,507
16555,00:00.0,5670
16571,00:00.0,6342
16583,00:00.0,8347
16591,00:00.0,6196
16616,00:00.0,2231
16625,00:00.0,10934
16632,00:00.0,1446
16694,00:00.0,6988
16704,00:00.0,9559
16707,00:00.0,913
16762,00:00.0,9443
16763,00:00.0,10282
16778,00:00.0,11307
16797,00:00.0,8283
16822,00:00.0,192
16824,00:00.0,9804
16827,00:00.0,2235
16828,00:00.0,1514
16837,00:00.0,8962
16892,00:00.0,2878
16932,00:00.0,8978
16939,00:00.0,8605
16961,00:00.0,3444
16964,00:00.0,1802
16973,00:00.0,12205
17008,00:00.0,6872
17045,00:00.0,547
17053,00:00.0,17
17066,00:00.0,7060
17097,00:00.0,4759
17100,00:00.0,10570
17106,00:00.0,2227
17111,00:00.0,7351
17124,00:00.0,10929
17130,00:00.0,9489
17142,00:00.0,12019
17143,00:00.0,11048
17183,00:00.0,1443
17239,00:00.0,5537
17243,00:00.0,8934
17244,00:00.0,6915
17266,00:00.0,9249
17269,00:00.0,5293
17290,00:00.0,5655
17325,00:00.0,880
17334,00:00.0,2616
17348,00:00.0,10052
17379,00:00.0,3887
17408,00:00.0,7833
17432,00:00.0,7101
17434,00:00.0,11109
17461,00:00.0,1652
17463,00:00.0,11136
17483,00:00.0,9465
17592,00:00.0,12010
17594,00:00.0,6304
17600,00:00.0,4676
17615,00:00.0,1368
17619,00:00.0,9488
17623,00:00.0,8113
17663,00:00.0,4429
17686,00:00.0,8290
17716,00:00.0,5872
17736,00:00.0,1454
17779,00:00.0,3423
17781,00:00.0,8120
17782,00:00.0,8297
17807,00:00.0,7663
17823,00:00.0,9934
17835,00:00.0,6568
17837,00:00.0,9009
17849,00:00.0,9491
17851,00:00.0,9985
17868,00:00.0,904
17881,00:00.0,7829
17935,00:00.0,8531
17948,00:00.0,911
17972,00:00.0,2417
17976,00:00.0,1389
17986,00:00.0,7607
17993,00:00.0,5631
17999,00:00.0,8760
18032,00:00.0,6605
18033,00:00.0,5164
18039,00:00.0,9167
18048,00:00.0,4079
18060,00:00.0,10886
18082,00:00.0,7741
18104,00:00.0,3598
18128,00:00.0,4772
18132,00:00.0,9213
18172,00:00.0,5486
18176,00:00.0,7527
18180,00:00.0,10129
18190,00:00.0,9305
18211,00:00.0,9418
18239,00:00.0,9403
18254,00:00.0,7271
18263,00:00.0,9224
18274,00:00.0,2934
18284,00:00.0,4078
18286,00:00.0,984
18293,00:00.0,10644
18304,00:00.0,6767
18317,00:00.0,1506
18321,00:00.0,11185
18329,00:00.0,12196
18349,00:00.0,7459
18351,00:00.0,6216
18368,00:00.0,7026
18438,00:00.0,6093
18447,00:00.0,9811
18458,00:00.0,11840
18477,00:00.0,6669
18490,00:00.0,3296
18502,00:00.0,431
18513,00:00.0,521
18514,00:00.0,10871
18516,00:00.0,7555
18531,00:00.0,6453
18565,00:00.0,3874
18573,00:00.0,5558
18574,00:00.0,5949
18630,00:00.0,2376
18652,00:00.0,2286
18667,00:00.0,8630
18682,00:00.0,11227
18685,00:00.0,9557
18691,00:00.0,7800
18702,00:00.0,8034
18736,00:00.0,10099
18745,00:00.0,4403
18784,00:00.0,8587
18794,00:00.0,11213
18824,00:00.0,2213
18825,00:00.0,9482
18828,00:00.0,8831
18829,00:00.0,12035
18846,00:00.0,5410
18855,00:00.0,1755
18876,00:00.0,6830
18878,00:00.0,3644
18909,00:00.0,5140
18910,00:00.0,1365
18924,00:00.0,8709
18929,00:00.0,4082
18931,00:00.0,11103
19000,00:00.0,154
19039,00:00.0,2786
19077,00:00.0,10246
19084,00:00.0,4122
19087,00:00.0,11829
19107,00:00.0,8154
19111,00:00.0,9603
19113,00:00.0,4266
19115,00:00.0,6387
19126,00:00.0,10070
19131,00:00.0,6388
19173,00:00.0,68
19176,00:00.0,1093
19198,00:00.0,7192
19199,00:00.0,3865
19207,00:00.0,1957
19219,00:00.0,8430
19221,00:00.0,7826
19222,00:00.0,3881
19343,00:00.0,6652
19347,00:00.0,8021
19369,00:00.0,5985
19381,00:00.0,7038
19450,00:00.0,7066
19486,00:00.0,9877
19501,00:00.0,870
19527,00:00.0,348
19533,00:00.0,867
19544,00:00.0,5292
19552,00:00.0,7057
19553,00:00.0,2805
19597,00:00.0,4914
19602,00:00.0,1182
19616,00:00.0,5331
19622,00:00.0,44
19640,00:00.0,6121
19647,00:00.0,6361
19655,00:00.0,5584
19658,00:00.0,62
19694,00:00.0,964
19697,00:00.0,7596
19712,00:00.0,8282
19714,00:00.0,12325
19769,00:00.0,9887
19777,00:00.0,3022
19803,00:00.0,6915
19812,00:00.0,10519
19820,00:00.0,1164
19840,00:00.0,1464
19864,00:00.0,1042
19885,00:00.0,10327
19887,00:00.0,4657
19891,00:00.0,826
19909,00:00.0,7793
19974,00:00.0,4732
19977,00:00.0,57
19982,00:00.0,9755
19994,00:00.0,12176
20023,00:00.0,10209
20056,00:00.0,5727
20094,00:00.0,5367
20130,00:00.0,296
20132,00:00.0,10672
20158,00:00.0,9518
20175,00:00.0,6644
20244,00:00.0,8333
20256,00:00.0,8325
20307,00:00.0,10886
20337,00:00.0,8838
20351,00:00.0,8677
20364,00:00.0,12346
20402,00:00.0,9482
20406,00:00.0,10298
20408,00:00.0,1523
20412,00:00.0,8546
20414,00:00.0,9278
20424,00:00.0,4830
20435,00:00.0,7261
20480,00:00.0,4410
20527,00:00.0,8976
20528,00:00.0,7859
20545,00:00.0,4954
20567,00:00.0,10447
20570,00:00.0,12191
20577,00:00.0,2873
20610,00:00.0,5837
20616,00:00.0,12031
20617,00:00.0,8976
20619,00:00.0,2373
20657,00:00.0,10653
20678,00:00.0,4768
20682,00:00.0,3723
20728,00:00.0,2354
20782,00:00.0,9996
20789,00:00.0,7345
20800,00:00.0,8930
20818,00:00.0,9631
20823,00:00.0,1575
20853,00:00.0,5519
20876,00:00.0,4792
20886,00:00.0,3074
20905,00:00.0,6622
20937,00:00.0,10142
20964,00:00.0,821
21047,00:00.0,9813
21064,00:00.0,7036
21099,00:00.0,5775
21104,00:00.0,7192
21106,00:00.0,10609
21151,00:00.0,1484
21167,00:00.0,4543
21230,00:00.0,10484
21259,00:00.0,8592
21266,00:00.0,5520
21305,00:00.0,5262
21316,00:00.0,12094
21322,00:00.0,3409
21325,00:00.0,2470
21352,00:00.0,6843
21382,00:00.0,5270
21402,00:00.0,8325
21409,00:00.0,7379
21424,00:00.0,3043
21432,00:00.0,7354
21444,00:00.0,12340
21476,00:00.0,10638
21497,00:00.0,9222
21558,00:00.0,9180
21561,00:00.0,6922
21562,00:00.0,10620
21566,00:00.0,8675
21586,00:00.0,9146
21589,00:00.0,10762
21608,00:00.0,7553
21611,00:00.0,8536
21659,00:00.0,3529
21660,00:00.0,8718
21661,00:00.0,9096
21674,00:00.0,9986
21682,00:00.0,1882
21712,00:00.0,5395
21728,00:00.0,7105
21736,00:00.0,2362
21747,00:00.0,11502
21760,00:00.0,9233
21770,00:00.0,4099
21791,00:00.0,4160
21795,00:00.0,1670
21801,00:00.0,504
21843,00:00.0,2816
21853,00:00.0,619
21859,00:00.0,3465
21860,00:00.0,3399
21863,00:00.0,11397
21876,00:00.0,690
21879,00:00.0,3574
21933,00:00.0,12391
21950,00:00.0,2134
21953,00:00.0,7511
21993,00:00.0,10975
22025,00:00.0,6937
22046,00:00.0,1191
22065,00:00.0,3088
22069,00:00.0,12412
22099,00:00.0,4688
22110,00:00.0,8434
22112,00:00.0,1941
22166,00:00.0,1399
22195,00:00.0,7866
22216,00:00.0,6672
22229,00:00.0,4394
22234,00:00.0,9006
22247,00:00.0,11700
22281,00:00.0,2795
22300,00:00.0,3132
22324,00:00.0,4013
22344,00:00.0,7010
22353,00:00.0,3489
22361,00:00.0,1505
22364,00:00.0,1979
22392,00:00.0,8220
22453,00:00.0,6272
22477,00:00.0,448
22478,00:00.0,3834
22479,00:00.0,8177
22489,00:00.0,5561
22492,00:00.0,6237
22507,00:00.0,11139
22516,00:00.0,5111
22518,00:00.0,3547
22555,00:00.0,10025
22614,00:00.0,10398
22654,00:00.0,10035
22675,00:00.0,3275
22686,00:00.0,8747
22711,00:00.0,3373
22721,00:00.0,10264
22751,00:00.0,9848
22765,00:00.0,11026
22791,00:00.0,7902
22804,00:00.0,5129
22857,00:00.0,1712
22862,00:00.0,10262
22866,00:00.0,2531
22880,00:00.0,5791
22881,00:00.0,2871
22896,00:00.0,1011
22907,00:00.0,1714
22937,00:00.0,922
22946,00:00.0,4971
22957,00:00.0,1730
22971,00:00.0,2242
22977,00:00.0,11234
23005,00:00.0,550
23008,00:00.0,6660
23014,00:00.0,9590
23063,00:00.0,8924
23097,00:00.0,9795
23117,00:00.0,2503
23118,00:00.0,5660
23126,00:00.0,10837
23189,00:00.0,3195
23191,00:00.0,10870
23224,00:00.0,4078
23248,00:00.0,5745
23257,00:00.0,2963
23283,00:00.0,3705
23294,00:00.0,10239
23329,00:00.0,7004
23341,00:00.0,11791
23349,00:00.0,2684
23350,00:00.0,6103
23362,00:00.0,11411
23366,00:00.0,10077
23373,00:00.0,7545
23434,00:00.0,2321
23435,00:00.0,7160
23440,00:00.0,9580
23446,00:00.0,4965
23498,00:00.0,5657
23502,00:00.0,11362
23510,00:00.0,7427
23512,00:00.0,10408
23513,00:00.0,4231
23525,00:00.0,3486
23543,00:00.0,9314
23550,00:00.0,5471
23552,00:00.0,11534
23604,00:00.0,7606
23613,00:00.0,5677
23633,00:00.0,4300
23654,00:00.0,3625
23682,00:00.0,1361
23789,00:00.0,10111
23818,00:00.0,6948
23852,00:00.0,3619
23881,00:00.0,1608
23914,00:00.0,10280
23923,00:00.0,6724
23939,00:00.0,11154
23977,00:00.0,9746
24023,00:00.0,6319
24034,00:00.0,12264
24050,00:00.0,7141
24057,00:00.0,10119
24120,00:00.0,5402
24153,00:00.0,4499
24154,00:00.0,8486
24155,00:00.0,2092
24178,00:00.0,2183
24180,00:00.0,9720
24191,00:00.0,10642
24202,00:00.0,9089
24212,00:00.0,2462
24215,00:00.0,3247
24229,00:00.0,5202
24254,00:00.0,6296
24256,00:00.0,4749
24257,00:00.0,835
24261,00:00.0,8948
24290,00:00.0,5505
24321,00:00.0,1358
24333,00:00.0,9610
24350,00:00.0,7663
24379,00:00.0,1603
24383,00:00.0,5603
24399,00:00.0,8006
24457,00:00.0,70
24477,00:00.0,3830
24479,00:00.0,5321
24500,00:00.0,6338
24502,00:00.0,11602
24525,00:00.0,3106
24526,00:00.0,12075
24540,00:00.0,8207
24544,00:00.0,1058
24606,00:00.0,7211
24609,00:00.0,2894
24626,00:00.0,12122
24649,00:00.0,10609
24651,00:00.0,2229
24658,00:00.0,4657
24679,00:00.0,1561
24682,00:00.0,8795
24714,00:00.0,1843
24747,00:00.0,1012
24759,00:00.0,7622
24769,00:00.0,9679
24773,00:00.0,11061
24774,00:00.0,10881
24805,00:00.0,6097
24817,00:00.0,7740
24833,00:00.0,6950
24865,00:00.0,10838
24875,00:00.0,8914
24879,00:00.0,1519
24911,00:00.0,5458
24926,00:00.0,5846
24944,00:00.0,5790
24974,00:00.0,8275
25011,00:00.0,3253
25026,00:00.0,4518
25027,00:00.0,6819
25049,00:00.0,746
25068,00:00.0,10244
25071,00:00.0,4691
25077,00:00.0,11920
25079,00:00.0,5146
25086,00:00.0,7262
25132,00:00.0,11268
25156,00:00.0,1367
25164,00:00.0,3909
25189,00:00.0,8521
25270,00:00.0,12037
25276,00:00.0,7248
25280,00:00.0,3136
25302,00:00.0,9226
25303,00:00.0,11481
25360,00:00.0,9990
25402,00:00.0,2799
25408,00:00.0,10459
25436,00:00.0,4263
25471,00:00.0,891
25492,00:00.0,11997
25497,00:00.0,10085
25504,00:00.0,4323
25568,00:00.0,1495
25597,00:00.0,6308
25598,00:00.0,8647
25610,00:00.0,1524
25642,00:00.0,5840
25666,00:00.0,750
25667,00:00.0,4838
25695,00:00.0,6022
25700,00:00.0,10879
25715,00:00.0,11542
25732,00:00.0,10961
25740,00:00.0,8141
25780,00:00.0,11862
25787,00:00.0,2528
25808,00:00.0,3491
25815,00:00.0,2211
25838,00:00.0,3705
25848,00:00.0,4259
25861,00:00.0,12422
25892,00:00.0,3853
25917,00:00.0,1708
25938,00:00.0,8376
25946,00:00.0,4372
25994,00:00.0,11940
25997,00:00.0,3068
26001,00:00.0,4436
26046,00:00.0,1927
26051,00:00.0,9314
26104,00:00.0,5454
26110,00:00.0,5777
26116,00:00.0,1152
26132,00:00.0,473
26136,00:00.0,6316
26145,00:00.0,3882
26150,00:00.0,9482
26156,00:00.0,8883
26158,00:00.0,2753
26178,00:00.0,7940
26179,00:00.0,7478
26182,00:00.0,3968
26227,00:00.0,9510
26239,00:00.0,10126
26241,00:00.0,2373
26256,00:00.0,4939
26260,00:00.0,9325
26262,00:00.0,4799
26266,00:00.0,6259
26279,00:00.0,10437
26282,00:00.0,10313
26292,00:00.0,12314
26324,00:00.0,7434
26327,00:00.0,989
26343,00:00.0,11503
26348,00:00.0,2923
26373,00:00.0,12398
26379,00:00.0,288
26389,00:00.0,257
26466,00:00.0,6382
26474,00:00.0,7079
26476,00:00.0,509
26478,00:00.0,4466
26509,00:00.0,2959
26511,00:00.0,12041
26551,00:00.0,8376
26561,00:00.0,10969
26571,00:00.0,6731
26600,00:00.0,6708
26607,00:00.0,538
26615,00:00.0,3558
26617,00:00.0,5842
26630,00:00.0,6717
26631,00:00.0,7967
26640,00:00.0,8725
26663,00:00.0,8337
26664,00:00.0,6838
26671,00:00.0,56
26695,00:00.0,459
26700,00:00.0,2297
26715,00:00.0,9231
26730,00:00.0,7
26732,00:00.0,5914
26753,00:00.0,1488
26795,00:00.0,1587
26804,00:00.0,1794
26809,00:00.0,10986
26813,00:00.0,10259
26854,00:00.0,4358
26859,00:00.0,791
26869,00:00.0,10398
26892,00:00.0,7707
26917,00:00.0,6404
26935,00:00.0,4679
26948,00:00.0,6741
26950,00:00.0,870
26957,00:00.0,283
26988,00:00.0,939
26994,00:00.0,5803
27023,00:00.0,1894
27030,00:00.0,6554
27053,00:00.0,1610
27075,00:00.0,12349
27101,00:00.0,11563
27102,00:00.0,4741
27107,00:00.0,5366
27118,00:00.0,4528
27132,00:00.0,2365
27148,00:00.0,2098
27160,00:00.0,6251
27176,00:00.0,826
27186,00:00.0,6030
27196,00:00.0,4862
27203,00:00.0,416
27225,00:00.0,11291
27230,00:00.0,5477
27241,00:00.0,8751
27317,00:00.0,6073
27326,00:00.0,8788
27349,00:00.0,3184
27366,00:00.0,10625
27373,00:00.0,5418
27384,00:00.0,6023
27391,00:00.0,9296
27415,00:00.0,7364
27433,00:00.0,10992
27438,00:00.0,1548
27488,00:00.0,579
27490,00:00.0,5072
27511,00:00.0,2386
27527,00:00.0,9090
27528,00:00.0,9438
27541,00:00.0,5662
27547,00:00.0,9879
27552,00:00.0,5073
27564,00:00.0,8405
27570,00:00.0,11852
27610,00:00.0,8758
27626,00:00.0,200
27640,00:00.0,1345
27658,00:00.0,5828
27685,00:00.0,12165
27727,00:00.0,6490
27746,00:00.0,3875
27748,00:00.0,4497
27755,00:00.0,6029
27793,00:00.0,11826
27813,00:00.0,11706
27827,00:00.0,1926
27837,00:00.0,7395
27843,00:00.0,11420
27844,00:00.0,4283
27852,00:00.0,3539
27860,00:00.0,10424
27880,00:00.0,12038
27882,00:00.0,995
27890,00:00.0,11751
27971,00:00.0,6395
27973,00:00.0,12426
27974,00:00.0,3442
27991,00:00.0,231
28026,00:00.0,8918
28040,00:00.0,6341
28058,00:00.0,10792
28061,00:00.0,11198
28068,00:00.0,2159
28070,00:00.0,12414
28083,00:00.0,6884
28085,00:00.0,5936
28088,00:00.0,936
28095,00:00.0,10890
28142,00:00.0,11127
28176,00:00.0,3809
28183,00:00.0,5620
28188,00:00.0,1602
28200,00:00.0,3860
28201,00:00.0,5704
28226,00:00.0,2689
28256,00:00.0,5013
28274,00:00.0,4671
28277,00:00.0,1208
28331,00:00.0,8386
28375,00:00.0,10604
28398,00:00.0,734
28412,00:00.0,2836
28424,00:00.0,9693
28449,00:00.0,3486
28453,00:00.0,12122
28462,00:00.0,9492
28498,00:00.0,2788
28513,00:00.0,7308
28517,00:00.0,369
28546,00:00.0,5985
28549,00:00.0,460
28569,00:00.0,7720
28574,00:00.0,664
28588,00:00.0,11123
28614,00:00.0,1022
28619,00:00.0,558
28633,00:00.0,7441
28665,00:00.0,11581
28670,00:00.0,5469
28685,00:00.0,9962
28709,00:00.0,9932
28737,00:00.0,7572
28795,00:00.0,2918
28824,00:00.0,10241
28839,00:00.0,2484
28843,00:00.0,6724
28865,00:00.0,4883
28878,00:00.0,4191
28886,00:00.0,728
28888,00:00.0,6707
28918,00:00.0,9224
28923,00:00.0,8024
28926,00:00.0,2873
28947,00:00.0,3533
28967,00:00.0,71
28984,00:00.0,5316
29007,00:00.0,843
29011,00:00.0,10744
29031,00:00.0,11318
29089,00:00.0,40
29109,00:00.0,12431
29121,00:00.0,9790
29128,00:00.0,5331
29174,00:00.0,7566
29180,00:00.0,1540
29189,00:00.0,6418
29198,00:00.0,6948
29225,00:00.0,4522
29232,00:00.0,12431
29256,00:00.0,8214
29280,00:00.0,7409
29302,00:00.0,7675
29308,00:00.0,9411
29325,00:00.0,1721
29334,00:00.0,1300
29340,00:00.0,1375
29373,00:00.0,2993
29413,00:00.0,5714
29488,00:00.0,5043
29506,00:00.0,2481
29532,00:00.0,3229
29562,00:00.0,1889
29574,00:00.0,5475
29675,00:00.0,4749
29702,00:00.0,11637
29752,00:00.0,7200
29759,00:00.0,3550
29763,00:00.0,8396
29766,00:00.0,4833
29771,00:00.0,312
29784,00:00.0,2938
29802,00:00.0,7232
29813,00:00.0,2890
29824,00:00.0,8188
29855,00:00.0,9384
29882,00:00.0,11493
29897,00:00.0,7016
29921,00:00.0,10830
29922,00:00.0,835
29934,00:00.0,12358
29949,00:00.0,11752
29961,00:00.0,7612
29969,00:00.0,9734
29997,00:00.0,10219
30002,00:00.0,12034
30055,00:00.0,3441
30072,00:00.0,610
30077,00:00.0,3125
30092,00:00.0,1084
30104,00:00.0,11126
30124,00:00.0,1223
30130,00:00.0,3886
30162,00:00.0,2689
30163,00:00.0,7597
30180,00:00.0,4908
30220,00:00.0,5260
30243,00:00.0,9491
30251,00:00.0,11405
30259,00:00.0,10702
30262,00:00.0,9824
30276,00:00.0,9584
30291,00:00.0,1529
30321,00:00.0,8256
30332,00:00.0,430
30344,00:00.0,4518
30363,00:00.0,2297
30366,00:00.0,2604
30377,00:00.0,5454
30379,00:00.0,12249
30391,00:00.0,2988
30411,00:00.0,1861
30420,00:00.0,12108
30446,00:00.0,9859
30451,00:00.0,938
30457,00:00.0,5762
30466,00:00.0,10589
30499,00:00.0,8471
30501,00:00.0,10926
30510,00:00.0,11243
30525,00:00.0,9094
30526,00:00.0,3703
30533,00:00.0,4671
30540,00:00.0,120
30591,00:00.0,10670
30595,00:00.0,12204
30612,00:00.0,252
30614,00:00.0,3230
30623,00:00.0,6296
30629,00:00.0,6440
30641,00:00.0,2117
30657,00:00.0,381
30663,00:00.0,537
30697,00:00.0,8412
30711,00:00.0,4940
30723,00:00.0,571
30732,00:00.0,6711
30753,00:00.0,10802
30769,00:00.0,6065
30777,00:00.0,5114
30823,00:00.0,12017
30831,00:00.0,5706
30840,00:00.0,739
30843,00:00.0,2917
30844,00:00.0,3282
30848,00:00.0,931
30849,00:00.0,964
30857,00:00.0,8392
30868,00:00.0,775
30881,00:00.0,6026
30911,00:00.0,9181
30939,00:00.0,3847
30942,00:00.0,1778
30951,00:00.0,4234
30954,00:00.0,7492
30976,00:00.0,1087
30982,00:00.0,9432
30990,00:00.0,151
31004,00:00.0,4494
31032,00:00.0,9694
31038,00:00.0,9625
31066,00:00.0,4212
31076,00:00.0,10452
31079,00:00.0,943
31111,00:00.0,8963
31126,00:00.0,9524
31128,00:00.0,8010
31148,00:00.0,11037
31187,00:00.0,11252
31203,00:00.0,11937
31257,00:00.0,56
31260,00:00.0,6426
31272,00:00.0,3453
31287,00:00.0,255
31291,00:00.0,7248
31321,00:00.0,12293
31342,00:00.0,10277
31361,00:00.0,5049
31373,00:00.0,2619
31390,00:00.0,897
31391,00:00.0,3868
31404,00:00.0,10990
31419,00:00.0,373
31440,00:00.0,5164
31442,00:00.0,6933
31448,00:00.0,7588
31451,00:00.0,10343
31497,00:00.0,5891
31507,00:00.0,2683
31532,00:00.0,11618
31547,00:00.0,6913
31551,00:00.0,3691
31573,00:00.0,5145
31602,00:00.0,2710
31607,00:00.0,7528
31645,00:00.0,10135
31651,00:00.0,12183
31684,00:00.0,12351
31688,00:00.0,11623
31729,00:00.0,12201
31733,00:00.0,5580
31779,00:00.0,606
31789,00:00.0,3492
31804,00:00.0,3543
31810,00:00.0,6276
31853,00:00.0,940
31890,00:00.0,7702
31898,00:00.0,338
31904,00:00.0,6865
31912,00:00.0,8965
31959,00:00.0,5268
31987,00:00.0,6279
31990,00:00.0,10030
31993,00:00.0,6277
31997,00:00.0,1983
32001,00:00.0,1700
32038,00:00.0,2963
32050,00:00.0,4590
32052,00:00.0,10834
32078,00:00.0,5794
32099,00:00.0,12365
32105,00:00.0,2666
32111,00:00.0,5287
32120,00:00.0,12122
32149,00:00.0,2741
32169,00:00.0,7950
32202,00:00.0,8322
32225,00:00.0,2929
32262,00:00.0,1441
32303,00:00.0,5934
32346,00:00.0,103
32392,00:00.0,3901
32395,00:00.0,1135
32402,00:00.0,7482
32434,00:00.0,603
32453,00:00.0,4701
32454,00:00.0,10144
32455,00:00.0,4609
32457,00:00.0,10341
32460,00:00.0,7363
32465,00:00.0,871
32507,00:00.0,11246
32519,00:00.0,4976
32531,00:00.0,6601
32540,00:00.0,10839
32563,00:00.0,2419
32613,00:00.0,9881
32645,00:00.0,9665
32664,00:00.0,3303
32670,00:00.0,4815
32708,00:00.0,922
32724,00:00.0,3429
32769,00:00.0,11524
32793,00:00.0,5165
32800,00:00.0,8518
32802,00:00.0,9068
32809,00:00.0,6929
32844,00:00.0,2488
32851,00:00.0,5806
32853,00:00.0,10146
32880,00:00.0,8312
32890,00:00.0,10343
32907,00:00.0,8251
32939,00:00.0,2300
32962,00:00.0,5601
32995,00:00.0,11747
33060,00:00.0,11132
33086,00:00.0,5607
33093,00:00.0,8766
33098,00:00.0,11925
33111,00:00.0,10986
33119,00:00.0,5718
33126,00:00.0,6479
33130,00:00.0,5395
33142,00:00.0,2125
33175,00:00.0,7782
33187,00:00.0,5270
33226,00:00.0,373
33247,00:00.0,11248
33254,00:00.0,6517
33260,00:00.0,3944
33283,00:00.0,10108
33288,00:00.0,4675
33291,00:00.0,10565
33298,00:00.0,2545
33317,00:00.0,10718
33336,00:00.0,10493
33415,00:00.0,9306
33453,00:00.0,8517
33460,00:00.0,10585
33482,00:00.0,6276
33499,00:00.0,6660
33534,00:00.0,4452
33554,00:00.0,3085
33591,00:00.0,3594
33618,00:00.0,3563
33622,00:00.0,2016
33633,00:00.0,114
33646,00:00.0,6240
33650,00:00.0,3717
33665,00:00.0,5665
33670,00:00.0,10700
33690,00:00.0,1148
33723,00:00.0,3706
33764,00:00.0,3082
33768,00:00.0,5767
33790,00:00.0,12241
33855,00:00.0,3198
33857,00:00.0,2234
33862,00:00.0,7056
33864,00:00.0,8421
33923,00:00.0,6525
33933,00:00.0,2419
33945,00:00.0,7480
33965,00:00.0,6350
33967,00:00.0,9118
33971,00:00.0,8617
34046,00:00.0,8559
34079,00:00.0,1132
34157,00:00.0,6327
34165,00:00.0,477
34204,00:00.0,2055
34205,00:00.0,1602
34209,00:00.0,2106
34212,00:00.0,2783
34214,00:00.0,10532
34229,00:00.0,8473
34239,00:00.0,12429
34276,00:00.0,9286
34280,00:00.0,4434
34337,00:00.0,9756
34363,00:00.0,847
34369,00:00.0,3959
34370,00:00.0,6310
34445,00:00.0,2391
34458,00:00.0,7964
34466,00:00.0,5225
34473,00:00.0,1501
34499,00:00.0,1116
34500,00:00.0,606
34502,00:00.0,9574
34505,00:00.0,2535
34574,00:00.0,1868
34604,00:00.0,8506
34617,00:00.0,1245
34633,00:00.0,5143
34639,00:00.0,2005
34679,00:00.0,11938
34689,00:00.0,10410
34694,00:00.0,11088
34696,00:00.0,4666
34713,00:00.0,11404
34718,00:00.0,10698
34726,00:00.0,5004
34754,00:00.0,4930
34758,00:00.0,5803
34763,00:00.0,6685
34805,00:00.0,4007
34823,00:00.0,10882
34829,00:00.0,8921
34862,00:00.0,5410
34893,00:00.0,9068
34913,00:00.0,7069
34919,00:00.0,2458
34921,00:00.0,10478
34968,00:00.0,11784
34972,00:00.0,6803
34990,00:00.0,12382
34999,00:00.0,7923
35002,00:00.0,2140
35005,00:00.0,5970
35012,00:00.0,8812
35038,00:00.0,11612
35041,00:00.0,1936
35053,00:00.0,6623
35067,00:00.0,4348
35149,00:00.0,981
35157,00:00.0,10032
35165,00:00.0,9554
35185,00:00.0,5052
35189,00:00.0,9182
35204,00:00.0,192
35207,00:00.0,3410
35210,00:00.0,6791
35227,00:00.0,6816
35234,00:00.0,7540
35241,00:00.0,7850
35242,00:00.0,10858
35279,00:00.0,271
35326,00:00.0,8638
35379,00:00.0,226
35395,00:00.0,2223
35437,00:00.0,10971
35449,00:00.0,10546
35459,00:00.0,6258
35463,00:00.0,3653
35464,00:00.0,1884
35481,00:00.0,7095
35482,00:00.0,6558
35503,00:00.0,6608
35532,00:00.0,11456
35533,00:00.0,3100
35557,00:00.0,7267
35657,00:00.0,5498
35758,00:00.0,3882
35759,00:00.0,7349
35785,00:00.0,6836
35793,00:00.0,8649
35796,00:00.0,2766
35840,00:00.0,10592
35841,00:00.0,5011
35849,00:00.0,10976
35876,00:00.0,9206
35900,00:00.0,10167
35920,00:00.0,5640
35923,00:00.0,9246
35947,00:00.0,4217
35967,00:00.0,6993
35973,00:00.0,6585
36044,00:00.0,2540
36059,00:00.0,2263
36080,00:00.0,447
36090,00:00.0,1970
36116,00:00.0,3996
36117,00:00.0,9361
36121,00:00.0,10778
36147,00:00.0,5705
36151,00:00.0,7019
36172,00:00.0,1371
36184,00:00.0,2034
36188,00:00.0,6937
36207,00:00.0,1454
36225,00:00.0,6975
36244,00:00.0,9050
36252,00:00.0,11967
36271,00:00.0,7754
36285,00:00.0,4700
36309,00:00.0,6581
36336,00:00.0,2091
36353,00:00.0,2205
36357,00:00.0,10940
36360,00:00.0,3791
36371,00:00.0,7614
36378,00:00.0,258
36393,00:00.0,10294
36402,00:00.0,4015
36406,00:00.0,1922
36412,00:00.0,7512
36432,00:00.0,10191
36440,00:00.0,3201
36460,00:00.0,3848
36465,00:00.0,2319
36466,00:00.0,6152
36470,00:00.0,239
36471,00:00.0,12029
36486,00:00.0,3058
36512,00:00.0,8648
36528,00:00.0,270
36544,00:00.0,5366
36563,00:00.0,5790
36568,00:00.0,3556
36578,00:00.0,6439
36590,00:00.0,12363
36595,00:00.0,3667
36603,00:00.0,4292
36643,00:00.0,8157
36664,00:00.0,12131
36675,00:00.0,816
36703,00:00.0,9596
36731,00:00.0,11732
36767,00:00.0,508
36787,00:00.0,6103
36792,00:00.0,3071
36798,00:00.0,9834
36803,00:00.0,2445
36806,00:00.0,6561
36825,00:00.0,5571
36832,00:00.0,2401
36843,00:00.0,11662
36875,00:00.0,11858
36876,00:00.0,1797
36930,00:00.0,3167
36949,00:00.0,4224
36964,00:00.0,2844
36983,00:00.0,8555
37015,00:00.0,3848
37039,00:00.0,4618
37043,00:00.0,495
37051,00:00.0,4368
37073,00:00.0,3500
37075,00:00.0,841
37084,00:00.0,6710
37098,00:00.0,8217
37123,00:00.0,4232
37130,00:00.0,532
37139,00:00.0,4086
37193,00:00.0,12097
37199,00:00.0,7749
37205,00:00.0,5372
37249,00:00.0,9073
37296,00:00.0,6281
37300,00:00.0,3472
37312,00:00.0,11420
37345,00:00.0,11472
37351,00:00.0,5984
37352,00:00.0,4380
37368,00:00.0,9573
37373,00:00.0,12031
37437,00:00.0,6805
37456,00:00.0,5067
37462,00:00.0,5188
37504,00:00.0,534
37524,00:00.0,1680
37544,00:00.0,10464
37548,00:00.0,4258
37554,00:00.0,9255
37555,00:00.0,8100
37556,00:00.0,3276
37568,00:00.0,7195
37593,00:00.0,5599
37598,00:00.0,3181
37608,00:00.0,5955
37662,00:00.0,627
37665,00:00.0,6505
37695,00:00.0,6466
37708,00:00.0,7158
37715,00:00.0,9457
37746,00:00.0,6863
37761,00:00.0,98
37762,00:00.0,7434
37776,00:00.0,8457
37779,00:00.0,5277
37795,00:00.0,8207
37797,00:00.0,7544
37833,00:00.0,11133
37836,00:00.0,1901
37842,00:00.0,8924
37851,00:00.0,416
37879,00:00.0,7532
37884,00:00.0,9093
37889,00:00.0,1059
37903,00:00.0,3168
37954,00:00.0,8942
37995,00:00.0,10095
38026,00:00.0,2145
38034,00:00.0,8692
38089,00:00.0,8733
38103,00:00.0,3879
38104,00:00.0,7086
38109,00:00.0,7307
38113,00:00.0,11000
38127,00:00.0,7388
38161,00:00.0,6388
38163,00:00.0,7129
38184,00:00.0,6654
38210,00:00.0,3282
38217,00:00.0,8350
38229,00:00.0,6359
38251,00:00.0,5667
38262,00:00.0,91
38295,00:00.0,7203
38316,00:00.0,4455
38317,00:00.0,11687
38319,00:00.0,8122
38343,00:00.0,7252
38359,00:00.0,9020
38371,00:00.0,1873
38373,00:00.0,10914
38390,00:00.0,4153
38402,00:00.0,805
38420,00:00.0,9229
38438,00:00.0,5284
38471,00:00.0,4771
38496,00:00.0,765
38543,00:00.0,4466
38563,00:00.0,4522
38583,00:00.0,8284
38606,00:00.0,11781
38618,00:00.0,9955
38626,00:00.0,929
38652,00:00.0,8830
38659,00:00.0,3154
38669,00:00.0,1578
38671,00:00.0,2549
38686,00:00.0,7205
38719,00:00.0,7132
38720,00:00.0,5566
38739,00:00.0,9910
38755,00:00.0,7284
38764,00:00.0,8101
38774,00:00.0,12256
38775,00:00.0,1972
38796,00:00.0,408
38834,00:00.0,4590
38839,00:00.0,11109
38873,00:00.0,4847
38909,00:00.0,8105
38941,00:00.0,3966
38946,00:00.0,6581
38952,00:00.0,8297
38960,00:00.0,12241
39024,00:00.0,2928
39025,00:00.0,7830
39030,00:00.0,6856
39038,00:00.0,8176
39040,00:00.0,7380
39090,00:00.0,8309
39146,00:00.0,552
39163,00:00.0,9497
39201,00:00.0,6739
39208,00:00.0,14
39210,00:00.0,1905
39214,00:00.0,6482
39315,00:00.0,2732
39339,00:00.0,7789
39352,00:00.0,11201
39362,00:00.0,9642
39390,00:00.0,6393
39421,00:00.0,7300
39425,00:00.0,1308
39458,00:00.0,11438
39459,00:00.0,12035
39495,00:00.0,3876
39526,00:00.0,554
39546,00:00.0,5311
39548,00:00.0,7144
39555,00:00.0,3601
39568,00:00.0,5111
39579,00:00.0,5125
39615,00:00.0,5464
39659,00:00.0,9637
39672,00:00.0,11534
39716,00:00.0,5427
39722,00:00.0,11968
39775,00:00.0,1329
39780,00:00.0,1250
39783,00:00.0,3023
39802,00:00.0,10057
39806,00:00.0,5045
39820,00:00.0,2363
39828,00:00.0,6510
39843,00:00.0,7211
39895,00:00.0,9484
39900,00:00.0,3902
39907,00:00.0,7608
39929,00:00.0,3828
39935,00:00.0,8695
39980,00:00.0,9547
39984,00:00.0,10006
40019,00:00.0,8890
40025,00:00.0,4268
40027,00:00.0,7645
40045,00:00.0,4023
40070,00:00.0,9195
40080,00:00.0,9740
40082,00:00.0,11513
40122,00:00.0,8481
40127,00:00.0,8749
40130,00:00.0,2859
40145,00:00.0,5841
40151,00:00.0,5878
40169,00:00.0,46
40214,00:00.0,8567
40258,00:00.0,10101
40278,00:00.0,7576
40280,00:00.0,10041
40287,00:00.0,974
40338,00:00.0,4650
40357,00:00.0,3660
40387,00:00.0,9039
40399,00:00.0,7364
40410,00:00.0,6652
40411,00:00.0,4510
40417,00:00.0,7823
40421,00:00.0,10035
40426,00:00.0,9136
40435,00:00.0,1003
40447,00:00.0,9028
40468,00:00.0,11251
40471,00:00.0,8847
40501,00:00.0,2218
40535,00:00.0,1341
40545,00:00.0,1874
40576,00:00.0,5732
40610,00:00.0,10984
40619,00:00.0,11743
40659,00:00.0,8679
40721,00:00.0,10114
40726,00:00.0,9093
40729,00:00.0,7290
40781,00:00.0,10905
40798,00:00.0,11887
40799,00:00.0,12051
40809,00:00.0,7998
40820,00:00.0,3415
40829,00:00.0,3968
40853,00:00.0,5546
40880,00:00.0,12313
40895,00:00.0,5509
40897,00:00.0,8324
40903,00:00.0,9197
40914,00:00.0,4679
40928,00:00.0,6683
40945,00:00.0,7329
40986,00:00.0,5434
40993,00:00.0,10235
40997,00:00.0,6692
41042,00:00.0,2574
41056,00:00.0,8200
41063,00:00.0,12118
41064,00:00.0,12085
41065,00:00.0,3759
41101,00:00.0,462
41112,00:00.0,10539
41145,00:00.0,1445
41189,00:00.0,9356
41214,00:00.0,9453
41230,00:00.0,6534
41238,00:00.0,10534
41264,00:00.0,10949
41285,00:00.0,3514
41288,00:00.0,2842
41295,00:00.0,4386
41296,00:00.0,6243
41304,00:00.0,9316
41363,00:00.0,6316
41369,00:00.0,8057
41408,00:00.0,6523
41419,00:00.0,5869
41482,00:00.0,3961
41486,00:00.0,8150
41488,00:00.0,5635
41535,00:00.0,10761
41537,00:00.0,8787
41542,00:00.0,10939
41543,00:00.0,6512
41545,00:00.0,10474
41549,00:00.0,7401
41571,00:00.0,2888
41591,00:00.0,10699
41594,00:00.0,12410
41595,00:00.0,5983
41602,00:00.0,10415
41616,00:00.0,3710
41714,00:00.0,2940
41721,00:00.0,8166
41748,00:00.0,3570
41751,00:00.0,1717
41759,00:00.0,4596
41802,00:00.0,9484
41810,00:00.0,6391
41841,00:00.0,9118
41849,00:00.0,6132
41865,00:00.0,271
41871,00:00.0,1855
41915,00:00.0,8166
41917,00:00.0,12117
41922,00:00.0,9789
41933,00:00.0,6788
41967,00:00.0,10602
41986,00:00.0,7920
42004,00:00.0,2373
42020,00:00.0,10426
42036,00:00.0,736
42082,00:00.0,1889
42102,00:00.0,10806
42158,00:00.0,123
42162,00:00.0,2451
42164,00:00.0,9772
42165,00:00.0,5777
42173,00:00.0,6473
42182,00:00.0,7165
42183,00:00.0,774
42195,00:00.0,1364
42199,00:00.0,4229
42215,00:00.0,9205
42223,00:00.0,11670
42232,00:00.0,1301
42241,00:00.0,1651
42248,00:00.0,7196
42259,00:00.0,6799
42293,00:00.0,12423
42317,00:00.0,11390
42324,00:00.0,10428
42330,00:00.0,8450
42399,00:00.0,12221
42402,00:00.0,9281
42425,00:00.0,1339
42429,00:00.0,597
42442,00:00.0,3370
42443,00:00.0,12403
42464,00:00.0,9017
42484,00:00.0,3667
42492,00:00.0,8722
42494,00:00.0,4712
42514,00:00.0,11608
42535,00:00.0,9340
42546,00:00.0,8682
42619,00:00.0,589
42623,00:00.0,4161
42653,00:00.0,11584
42679,00:00.0,1479
42690,00:00.0,10169
42693,00:00.0,10026
42716,00:00.0,5311
42722,00:00.0,12273
42737,00:00.0,2669
42749,00:00.0,7140
42767,00:00.0,10788
42773,00:00.0,8638
42799,00:00.0,2342
42832,00:00.0,9418
42839,00:00.0,10266
42893,00:00.0,4260
42919,00:00.0,8796
42936,00:00.0,6175
42949,00:00.0,9140
42952,00:00.0,11897
42954,00:00.0,6508
42957,00:00.0,260
42973,00:00.0,1492
42992,00:00.0,3972
43059,00:00.0,5097
43066,00:00.0,10134
43080,00:00.0,8555
43104,00:00.0,9849
43135,00:00.0,11907
43138,00:00.0,4450
43181,00:00.0,8328
43199,00:00.0,9415
43202,00:00.0,7283
43207,00:00.0,9401
43229,00:00.0,8656
43264,00:00.0,5086
43272,00:00.0,9673
43283,00:00.0,9347
43292,00:00.0,11180
43304,00:00.0,12345
43315,00:00.0,4439
43327,00:00.0,11397
43336,00:00.0,1264
43338,00:00.0,7751
43347,00:00.0,7993
43354,00:00.0,6780
43366,00:00.0,12131
43371,00:00.0,11254
43375,00:00.0,3250
43376,00:00.0,11266
43383,00:00.0,10284
43437,00:00.0,11643
43446,00:00.0,6443
43463,00:00.0,6472
43540,00:00.0,2825
43574,00:00.0,7265
43604,00:00.0,3486
43608,00:00.0,6231
43609,00:00.0,7535
43620,00:00.0,9667
43630,00:00.0,11619
43674,00:00.0,5022
43693,00:00.0,7661
43698,00:00.0,8016
43711,00:00.0,987
43761,00:00.0,5219
43776,00:00.0,4583
43801,00:00.0,4603
43811,00:00.0,9913
43833,00:00.0,12123
43842,00:00.0,10511
43846,00:00.0,1684
43851,00:00.0,11888
43853,00:00.0,12095
43909,00:00.0,12292
43947,00:00.0,4575
43968,00:00.0,11591
43969,00:00.0,1092
43988,00:00.0,11427
43990,00:00.0,5307
43998,00:00.0,6913
44035,00:00.0,9171
44039,00:00.0,5990
44047,00:00.0,1537
44054,00:00.0,664
44061,00:00.0,6593
44114,00:00.0,7616
44124,00:00.0,11639
44146,00:00.0,2319
44152,00:00.0,1335
44190,00:00.0,6157
44216,00:00.0,7467
44253,00:00.0,11213
44259,00:00.0,7466
44263,00:00.0,8819
44266,00:00.0,1191
44275,00:00.0,1590
44280,00:00.0,2451
44301,00:00.0,12214
44323,00:00.0,10619
44328,00:00.0,8501
44334,00:00.0,5492
44344,00:00.0,10173
44360,00:00.0,202
44373,00:00.0,473
44391,00:00.0,6532
44431,00:00.0,10577
44436,00:00.0,6768
44438,00:00.0,9065
44439,00:00.0,4357
44447,00:00.0,3981
44453,00:00.0,10627
44470,00:00.0,6323
44476,00:00.0,6983
44511,00:00.0,1257
44521,00:00.0,2664
44523,00:00.0,4998
44540,00:00.0,6863
44564,00:00.0,5560
44588,00:00.0,12402
44596,00:00.0,203
44599,00:00.0,1326
44602,00:00.0,6924
44622,00:00.0,417
44636,00:00.0,597
44656,00:00.0,11284
44670,00:00.0,7266
44704,00:00.0,9666
44717,00:00.0,2318
44760,00:00.0,1100
44777,00:00.0,8507
44795,00:00.0,2824
44812,00:00.0,10865
44827,00:00.0,6920
44880,00:00.0,6433
44896,00:00.0,10842
44919,00:00.0,518
44934,00:00.0,5113
44936,00:00.0,8519
44947,00:00.0,3103
44957,00:00.0,10362
44958,00:00.0,6025
44960,00:00.0,11793
44964,00:00.0,10802
44967,00:00.0,4304
44979,00:00.0,12413
44981,00:00.0,2091
45004,00:00.0,4497
45026,00:00.0,868
45030,00:00.0,12411
45051,00:00.0,8524
45053,00:00.0,6637
45076,00:00.0,466
45135,00:00.0,4322
45145,00:00.0,6182
45156,00:00.0,9176
45174,00:00.0,7062
45187,00:00.0,2773
45200,00:00.0,1412
45205,00:00.0,7495
45207,00:00.0,3123
45210,00:00.0,9001
45224,00:00.0,8322
45232,00:00.0,321
45245,00:00.0,7784
45248,00:00.0,12334
45252,00:00.0,10822
45297,00:00.0,1191
45305,00:00.0,1670
45311,00:00.0,11352
45333,00:00.0,5641
45338,00:00.0,4845
45356,00:00.0,2044
45393,00:00.0,329
45398,00:00.0,5097
45408,00:00.0,8618
45470,00:00.0,9264
45502,00:00.0,1946
45518,00:00.0,10652
45523,00:00.0,2367
45546,00:00.0,185
45558,00:00.0,8401
45568,00:00.0,6765
45594,00:00.0,4026
45605,00:00.0,11914
45610,00:00.0,10291
45613,00:00.0,8485
45616,00:00.0,2453
45651,00:00.0,4527
45655,00:00.0,8887
45680,00:00.0,6757
45692,00:00.0,12077
45716,00:00.0,9914
45725,00:00.0,415
45777,00:00.0,563
45794,00:00.0,6061
45807,00:00.0,12094
45827,00:00.0,9055
45845,00:00.0,10858
45890,00:00.0,1795
45906,00:00.0,2985
45937,00:00.0,4327
45948,00:00.0,1268
45957,00:00.0,520
45994,00:00.0,4871
46006,00:00.0,6820
46043,00:00.0,3419
46046,00:00.0,2815
46061,00:00.0,4889
46077,00:00.0,10023
46098,00:00.0,3474
46100,00:00.0,8301
46103,00:00.0,3447
46114,00:00.0,7804
46133,00:00.0,10829
46145,00:00.0,6699
46169,00:00.0,631
46195,00:00.0,5848
46213,00:00.0,4560
46222,00:00.0,10820
46228,00:00.0,5233
46239,00:00.0,2908
46247,00:00.0,1039
46248,00:00.0,675
46287,00:00.0,4563
46324,00:00.0,10424
46326,00:00.0,922
46348,00:00.0,3438
46371,00:00.0,1484
46386,00:00.0,11972
46390,00:00.0,2903
46408,00:00.0,10970
46421,00:00.0,8782
46428,00:00.0,7553
46479,00:00.0,9089
46485,00:00.0,9813
46503,00:00.0,5856
46507,00:00.0,8324
46540,00:00.0,11770
46553,00:00.0,1361
46571,00:00.0,8959
46587,00:00.0,2613
46614,00:00.0,3437
46633,00:00.0,5996
46673,00:00.0,11928
46726,00:00.0,12335
46728,00:00.0,7406
46733,00:00.0,6499
46769,00:00.0,2890
46776,00:00.0,11601
46790,00:00.0,11265
46831,00:00.0,10473
46835,00:00.0,7209
46851,00:00.0,754
46853,00:00.0,956
46892,00:00.0,3491
46913,00:00.0,4715
46923,00:00.0,4423
46933,00:00.0,3544
46941,00:00.0,1754
46977,00:00.0,4241
46994,00:00.0,8648
47018,00:00.0,6894
47019,00:00.0,7824
47026,00:00.0,5123
47042,00:00.0,8834
47060,00:00.0,2758
47091,00:00.0,2236
47111,00:00.0,6514
47119,00:00.0,892
47125,00:00.0,10656
47134,00:00.0,8185
47152,00:00.0,2960
47163,00:00.0,8005
47172,00:00.0,4904
47234,00:00.0,3118
47235,00:00.0,11968
47252,00:00.0,11040
47264,00:00.0,8779
47287,00:00.0,8578
47302,00:00.0,6249
47335,00:00.0,10870
47353,00:00.0,5606
47371,00:00.0,11822
47383,00:00.0,5084
47387,00:00.0,6092
47399,00:00.0,6095
47402,00:00.0,7322
47409,00:00.0,4875
47411,00:00.0,8579
47412,00:00.0,10405
47433,00:00.0,6262
47460,00:00.0,4719
47462,00:00.0,10502
47472,00:00.0,895
47478,00:00.0,8716
47488,00:00.0,11051
47500,00:00.0,1426
47528,00:00.0,2251
47552,00:00.0,6077
47574,00:00.0,1966
47582,00:00.0,8964
47586,00:00.0,820
47593,00:00.0,10501
47629,00:00.0,5994
47636,00:00.0,3007
47648,00:00.0,2113
47685,00:00.0,4249
47715,00:00.0,4739
47765,00:00.0,4075
47772,00:00.0,11974
47795,00:00.0,10211
47803,00:00.0,8732
47824,00:00.0,2801
47825,00:00.0,10420
47857,00:00.0,1940
47888,00:00.0,10550
47893,00:00.0,6241
47928,00:00.0,1949
47945,00:00.0,3182
48024,00:00.0,1538
48031,00:00.0,11508
48042,00:00.0,4104
48043,00:00.0,6586
48096,00:00.0,8069
48109,00:00.0,5111
48137,00:00.0,6213
48189,00:00.0,12382
48201,00:00.0,5486
48212,00:00.0,335
48227,00:00.0,741
48270,00:00.0,8825
48297,00:00.0,7039
48327,00:00.0,5065
48333,00:00.0,4340
48353,00:00.0,8093
48358,00:00.0,5022
48364,00:00.0,4401
48415,00:00.0,8979
48417,00:00.0,11238
48420,00:00.0,1562
48428,00:00.0,12071
48466,00:00.0,4847
48500,00:00.0,5671
48524,00:00.0,783
48562,00:00.0,822
48596,00:00.0,1934
48623,00:00.0,2094
48625,00:00.0,4357
48632,00:00.0,432
48638,00:00.0,8210
48649,00:00.0,3646
48661,00:00.0,7677
48677,00:00.0,11374
48688,00:00.0,10760
48716,00:00.0,5846
48722,00:00.0,1246
48756,00:00.0,359
48767,00:00.0,10720
48772,00:00.0,2744
48774,00:00.0,2045
48798,00:00.0,10917
48848,00:00.0,1313
48871,00:00.0,12338
48873,00:00.0,10538
48882,00:00.0,6577
48883,00:00.0,1325
48912,00:00.0,3167
48991,00:00.0,3337
49035,00:00.0,4870
49077,00:00.0,6526
49082,00:00.0,11256
49090,00:00.0,1132
49130,00:00.0,7413
49141,00:00.0,11219
49167,00:00.0,10888
49182,00:00.0,1264
49191,00:00.0,9603
49199,00:00.0,9696
49203,00:00.0,3332
49221,00:00.0,7618
49257,00:00.0,2514
49288,00:00.0,748
49289,00:00.0,6403
49293,00:00.0,1734
49300,00:00.0,3187
49327,00:00.0,8050
49364,00:00.0,9580
49365,00:00.0,10222
49372,00:00.0,7200
49393,00:00.0,5883
49404,00:00.0,11941
49416,00:00.0,7680
49424,00:00.0,7566
49426,00:00.0,6176
49435,00:00.0,11382
49444,00:00.0,5647
49491,00:00.0,2721
49503,00:00.0,7944
49516,00:00.0,9197
49524,00:00.0,4941
49535,00:00.0,12339
49538,00:00.0,8869
49550,00:00.0,12207
49552,00:00.0,2266
49576,00:00.0,3376
49583,00:00.0,1601
49584,00:00.0,2379
49590,00:00.0,9947
49636,00:00.0,2448
49655,00:00.0,9087
49659,00:00.0,9053
49715,00:00.0,10094
49742,00:00.0,5371
49743,00:00.0,9107
49762,00:00.0,1729
49798,00:00.0,2851
49814,00:00.0,2363
49855,00:00.0,11921
49910,00:00.0,7504
49929,00:00.0,11836
49969,00:00.0,10176
49988,00:00.0,6727
50020,00:00.0,6587
50055,00:00.0,10101
50100,00:00.0,6913
50115,00:00.0,7505
50129,00:00.0,7905
50130,00:00.0,1332
50136,00:00.0,857
50148,00:00.0,564
50199,00:00.0,12370
50201,00:00.0,789
50237,00:00.0,8353
50242,00:00.0,10508
50254,00:00.0,10406
50260,00:00.0,10271
50269,00:00.0,3539
50272,00:00.0,667
50300,00:00.0,9891
50321,00:00.0,3356
50323,00:00.0,2417
50338,00:00.0,3185
50388,00:00.0,6438
50393,00:00.0,3676
50402,00:00.0,9808
50405,00:00.0,8589
50446,00:00.0,11914
50472,00:00.0,5753
50507,00:00.0,961
50542,00:00.0,238
50543,00:00.0,9172
50547,00:00.0,10147
50637,00:00.0,9907
50644,00:00.0,5426
50656,00:00.0,4418
50690,00:00.0,475
50741,00:00.0,3706
50755,00:00.0,761
50767,00:00.0,7455
50795,00:00.0,3182
50807,00:00.0,2369
50810,00:00.0,9936
50814,00:00.0,12238
50848,00:00.0,11653
50869,00:00.0,4939
50912,00:00.0,8718
50913,00:00.0,2275
50950,00:00.0,8310
50956,00:00.0,1427
50959,00:00.0,2706
50963,00:00.0,7149
50972,00:00.0,5127
50976,00:00.0,12301
50980,00:00.0,10570
50992,00:00.0,9036
51005,00:00.0,3944
51015,00:00.0,1214
51040,00:00.0,9419
51050,00:00.0,1840
51075,00:00.0,7045
51077,00:00.0,2020
51094,00:00.0,8789
51104,00:00.0,9774
51118,00:00.0,3231
51121,00:00.0,7322
51135,00:00.0,1385
51146,00:00.0,4430
51170,00:00.0,11313
51179,00:00.0,308
51182,00:00.0,5415
51185,00:00.0,9567
51197,00:00.0,717
51198,00:00.0,8337
51210,00:00.0,8180
51213,00:00.0,7445
51234,00:00.0,8419
51265,00:00.0,10156
51289,00:00.0,9201
51301,00:00.0,8625
51312,00:00.0,254
51321,00:00.0,91
51351,00:00.0,5704
51361,00:00.0,3177
51405,00:00.0,2751
51424,00:00.0,2166
51427,00:00.0,5397
51480,00:00.0,9491
51571,00:00.0,736
51573,00:00.0,3206
51576,00:00.0,9500
51579,00:00.0,2173
51608,00:00.0,7798
51621,00:00.0,5032
51635,00:00.0,9633
51651,00:00.0,5437
51656,00:00.0,11535
51676,00:00.0,11014
51687,00:00.0,11245
51703,00:00.0,5644
51761,00:00.0,8139
51762,00:00.0,7137
51769,00:00.0,5347
51778,00:00.0,10711
51796,00:00.0,11116
51798,00:00.0,11425
51800,00:00.0,12434
51809,00:00.0,10668
51824,00:00.0,1870
51845,00:00.0,9721
51856,00:00.0,7236
51898,00:00.0,2133
51941,00:00.0,4091
51947,00:00.0,10517
51954,00:00.0,11731
51983,00:00.0,8295
51995,00:00.0,8381
52021,00:00.0,4449
52022,00:00.0,4867
52036,00:00.0,446
52054,00:00.0,1997
52084,00:00.0,7383
52085,00:00.0,7103
52154,00:00.0,1554
52157,00:00.0,7069
52164,00:00.0,6703
52174,00:00.0,723
52181,00:00.0,4408
52192,00:00.0,9465
52199,00:00.0,5974
52289,00:00.0,12178
52308,00:00.0,3201
52312,00:00.0,6255
52331,00:00.0,10765
52360,00:00.0,6492
52369,00:00.0,8261
52379,00:00.0,3975
52383,00:00.0,7694
52411,00:00.0,2747
52424,00:00.0,1015
52440,00:00.0,9524
52442,00:00.0,2213
52451,00:00.0,1603
52482,00:00.0,1357
52515,00:00.0,757
52519,00:00.0,5571
52531,00:00.0,91
52569,00:00.0,2123
52583,00:00.0,3740
52615,00:00.0,6595
52649,00:00.0,4837
52650,00:00.0,5702
52654,00:00.0,6529
52682,00:00.0,5724
52705,00:00.0,3713
52722,00:00.0,1009
52728,00:00.0,2334
52733,00:00.0,8740
52741,00:00.0,11914
52745,00:00.0,10994
52803,00:00.0,1807
52815,00:00.0,1270
52828,00:00.0,11316
52832,00:00.0,10682
52835,00:00.0,1936
52842,00:00.0,1564
52853,00:00.0,10085
52876,00:00.0,7218
52894,00:00.0,7234
52909,00:00.0,2941
52957,00:00.0,5932
52961,00:00.0,5071
52977,00:00.0,8453
53038,00:00.0,11125
53131,00:00.0,11795
53145,00:00.0,11162
53158,00:00.0,739
53176,00:00.0,10031
53180,00:00.0,11127
53187,00:00.0,6942
53269,00:00.0,6486
53273,00:00.0,110
53294,00:00.0,8406
53311,00:00.0,5565
53335,00:00.0,6451
53339,00:00.0,4770
53376,00:00.0,10187
53379,00:00.0,8867
53395,00:00.0,7486
53407,00:00.0,706
53459,00:00.0,10787
53492,00:00.0,4360
53499,00:00.0,1946
53506,00:00.0,9600
53527,00:00.0,11110
53541,00:00.0,9890
53579,00:00.0,8762
53583,00:00.0,7460
53616,00:00.0,8969
53624,00:00.0,12081
53642,00:00.0,4084
53664,00:00.0,2074
53665,00:00.0,9362
53687,00:00.0,3256
53692,00:00.0,5238
53723,00:00.0,8383
53740,00:00.0,12053
53757,00:00.0,8443
53783,00:00.0,4219
53815,00:00.0,6383
53858,00:00.0,5843
53872,00:00.0,12056
53873,00:00.0,2344
53930,00:00.0,8663
53938,00:00.0,6600
53941,00:00.0,7417
53943,00:00.0,3666
53947,00:00.0,1710
54031,00:00.0,10650
54065,00:00.0,819
54095,00:00.0,1367
54101,00:00.0,5580
54104,00:00.0,3480
54126,00:00.0,5853
54134,00:00.0,9120
54146,00:00.0,11017
54156,00:00.0,3184
54182,00:00.0,683
54186,00:00.0,10367
54213,00:00.0,258
54221,00:00.0,7016
54224,00:00.0,3170
54233,00:00.0,5683
54238,00:00.0,10281
54285,00:00.0,9322
54294,00:00.0,3332
54299,00:00.0,5845
54320,00:00.0,417
54321,00:00.0,5930
54344,00:00.0,375
54358,00:00.0,1562
54365,00:00.0,6285
54367,00:00.0,9371
54382,00:00.0,10339
54383,00:00.0,4193
54393,00:00.0,2389
54414,00:00.0,2403
54415,00:00.0,4839
54423,00:00.0,7842
54431,00:00.0,5725
54436,00:00.0,9396
54448,00:00.0,10111
54492,00:00.0,5803
54543,00:00.0,8858
54553,00:00.0,3152
54556,00:00.0,2625
54566,00:00.0,288
54567,00:00.0,9786
54574,00:00.0,8145
54583,00:00.0,1919
54595,00:00.0,6892
54675,00:00.0,6261
54690,00:00.0,10505
54700,00:00.0,2369
54702,00:00.0,8687
54715,00:00.0,4164
54726,00:00.0,2754
54741,00:00.0,3129
54752,00:00.0,9050
54753,00:00.0,1015
54786,00:00.0,10972
54800,00:00.0,11571
54810,00:00.0,9590
54824,00:00.0,7944
54847,00:00.0,11400
54857,00:00.0,7557
54921,00:00.0,10810
54928,00:00.0,7321
54945,00:00.0,1359
54955,00:00.0,8067
54957,00:00.0,5747
54974,00:00.0,189
54999,00:00.0,5655
55007,00:00.0,6328
55018,00:00.0,12141
55030,00:00.0,3621
55033,00:00.0,11950
55105,00:00.0,8811
55107,00:00.0,9504
55126,00:00.0,6337
55128,00:00.0,10672
55149,00:00.0,5645
55167,00:00.0,3984
55177,00:00.0,5137
55229,00:00.0,6428
55252,00:00.0,1405
55253,00:00.0,1422
55265,00:00.0,9797
55305,00:00.0,9590
55320,00:00.0,9977
55324,00:00.0,7286
55345,00:00.0,11118
55349,00:00.0,12172
55368,00:00.0,1776
55392,00:00.0,7323
55399,00:00.0,11669
55404,00:00.0,6334
55420,00:00.0,1113
55445,00:00.0,7891
55452,00:00.0,3245
55462,00:00.0,8881
55514,00:00.0,3620
55522,00:00.0,5975
55531,00:00.0,12225
55541,00:00.0,3792
55560,00:00.0,6593
55568,00:00.0,7776
55572,00:00.0,9928
55609,00:00.0,1067
55627,00:00.0,8047
55642,00:00.0,2758
55653,00:00.0,10134
55658,00:00.0,10017
55660,00:00.0,5407
55681,00:00.0,8746
55683,00:00.0,6494
55687,00:00.0,7643
55694,00:00.0,11648
55696,00:00.0,4672
55835,00:00.0,8676
55845,00:00.0,2675
55857,00:00.0,7595
55877,00:00.0,7352
55884,00:00.0,5559
55918,00:00.0,6721
55938,00:00.0,3095
55955,00:00.0,4991
55959,00:00.0,10366
55964,00:00.0,10310
55969,00:00.0,9237
56001,00:00.0,5513
56026,00:00.0,11065
56036,00:00.0,9996
56042,00:00.0,11340
56076,00:00.0,6712
56080,00:00.0,9683
56125,00:00.0,10123
56158,00:00.0,941
56180,00:00.0,568
56188,00:00.0,5583
56192,00:00.0,5496
56204,00:00.0,3822
56215,00:00.0,12195
56228,00:00.0,5919
56234,00:00.0,9532
56267,00:00.0,4955
56392,00:00.0,8052
56400,00:00.0,10261
56401,00:00.0,11877
56458,00:00.0,7466
56481,00:00.0,2228
56503,00:00.0,11456
56557,00:00.0,10793
56565,00:00.0,2225
56580,00:00.0,6028
56601,00:00.0,11154
56624,00:00.0,3741
56664,00:00.0,9114
56691,00:00.0,7046
56696,00:00.0,10323
56714,00:00.0,847
56718,00:00.0,8503
56724,00:00.0,4284
56743,00:00.0,5265
56842,00:00.0,6980
56859,00:00.0,9176
56902,00:00.0,4191
56923,00:00.0,4030
56934,00:00.0,7700
56978,00:00.0,6178
56984,00:00.0,1691
56996,00:00.0,4207
57004,00:00.0,11757
57051,00:00.0,4727
57156,00:00.0,5244
57175,00:00.0,7068
57236,00:00.0,2411
57260,00:00.0,606
57265,00:00.0,3582
57293,00:00.0,5669
57298,00:00.0,1283
57310,00:00.0,5268
57323,00:00.0,1704
57340,00:00.0,6828
57395,00:00.0,4339
57419,00:00.0,11897
57446,00:00.0,6357
57455,00:00.0,9036
57484,00:00.0,11246
57498,00:00.0,3198
57515,00:00.0,5597
57572,00:00.0,8812
57578,00:00.0,4275
57590,00:00.0,9477
57593,00:00.0,3268
57601,00:00.0,1046
57611,00:00.0,7359
57615,00:00.0,9996
57626,00:00.0,2183
57639,00:00.0,7336
57673,00:00.0,8841
57759,00:00.0,216
57777,00:00.0,2422
57793,00:00.0,647
57803,00:00.0,3373
57807,00:00.0,1316
57846,00:00.0,6824
57878,00:00.0,1822
57883,00:00.0,9938
57895,00:00.0,7631
57904,00:00.0,5559
57919,00:00.0,8580
57921,00:00.0,6953
57963,00:00.0,2
57973,00:00.0,420
57991,00:00.0,5011
57998,00:00.0,5381
58020,00:00.0,9096
58026,00:00.0,7540
58037,00:00.0,1662
58057,00:00.0,203
58068,00:00.0,4177
58088,00:00.0,10292
58115,00:00.0,6593
58126,00:00.0,6979
58134,00:00.0,4257
58139,00:00.0,720
58144,00:00.0,11938
58152,00:00.0,10095
58159,00:00.0,6625
58168,00:00.0,4721
58182,00:00.0,7769
58190,00:00.0,4930
58262,00:00.0,12032
58267,00:00.0,6233
58283,00:00.0,10139
58310,00:00.0,9377
58321,00:00.0,7310
58323,00:00.0,7127
58344,00:00.0,2138
58352,00:00.0,1985
58354,00:00.0,8140
58400,00:00.0,10897
58419,00:00.0,8802
58447,00:00.0,10529
58448,00:00.0,1806
58457,00:00.0,11053
58491,00:00.0,1794
58493,00:00.0,3562
58501,00:00.0,12334
58560,00:00.0,10256
58563,00:00.0,6782
58602,00:00.0,9392
58606,00:00.0,6992
58610,00:00.0,11605
58621,00:00.0,407
58630,00:00.0,3571
58634,00:00.0,5192
58651,00:00.0,11485
58652,00:00.0,12432
58653,00:00.0,10191
58660,00:00.0,1671
58667,00:00.0,9864
58683,00:00.0,7064
58703,00:00.0,5369
58717,00:00.0,10087
58726,00:00.0,2461
58730,00:00.0,4047
58732,00:00.0,7121
58734,00:00.0,8211
58740,00:00.0,2041
58778,00:00.0,9058
58819,00:00.0,6191
58869,00:00.0,10420
58914,00:00.0,8666
58919,00:00.0,12
58988,00:00.0,6154
59036,00:00.0,546
59082,00:00.0,2593
59115,00:00.0,5021
59146,00:00.0,3694
59150,00:00.0,10199
59183,00:00.0,1810
59243,00:00.0,8884
59272,00:00.0,8574
59302,00:00.0,11819
59380,00:00.0,3405
59405,00:00.0,11145
59420,00:00.0,2007
59421,00:00.0,6736
59429,00:00.0,9998
59451,00:00.0,3885
59459,00:00.0,8271
59460,00:00.0,10235
59464,00:00.0,8830
59499,00:00.0,10664
59533,00:00.0,6059
59543,00:00.0,10376
59588,00:00.0,10326
59593,00:00.0,610
59620,00:00.0,131
59626,00:00.0,9736
59652,00:00.0,7877
59662,00:00.0,6467
59669,00:00.0,3894
59703,00:00.0,2316
59752,00:00.0,1193
59782,00:00.0,3723
59793,00:00.0,10768
59796,00:00.0,4827
59821,00:00.0,8428
59834,00:00.0,1690
59848,00:00.0,1750
59858,00:00.0,11903
59862,00:00.0,2939
59878,00:00.0,2578
59902,00:00.0,11882
59927,00:00.0,3648
59939,00:00.0,5300
59971,00:00.0,4747
59978,00:00.0,5234
59986,00:00.0,4517
59993,00:00.0,5125
59995,00:00.0,10701
60008,00:00.0,11514
60009,00:00.0,1185
60037,00:00.0,4830
60041,00:00.0,6595
60056,00:00.0,12108
60072,00:00.0,3462
60073,00:00.0,5738
60116,00:00.0,11701
60147,00:00.0,1586
60201,00:00.0,4953
60212,00:00.0,6211
60219,00:00.0,8341
60252,00:00.0,907
60272,00:00.0,1107
60274,00:00.0,3599
60286,00:00.0,2240
60293,00:00.0,2226
60301,00:00.0,8206
60304,00:00.0,4394
60324,00:00.0,1025
60367,00:00.0,3944
60380,00:00.0,12266
60440,00:00.0,992
60450,00:00.0,6967
60463,00:00.0,3320
60473,00:00.0,7062
60489,00:00.0,11483
60497,00:00.0,5464
60499,00:00.0,4653
60502,00:00.0,6564
60538,00:00.0,4419
60550,00:00.0,3054
60601,00:00.0,4292
60605,00:00.0,1991
60608,00:00.0,10042
60614,00:00.0,2675
60635,00:00.0,8892
60639,00:00.0,1316
60642,00:00.0,8134
60683,00:00.0,257
60700,00:00.0,8484
60715,00:00.0,11435
60726,00:00.0,8871
60735,00:00.0,1582
60747,00:00.0,5811
60751,00:00.0,4481
60763,00:00.0,5854
60764,00:00.0,5574
60766,00:00.0,1756
60798,00:00.0,11749
60833,00:00.0,8706
60837,00:00.0,10339
60844,00:00.0,4440
60852,00:00.0,1653
60889,00:00.0,8091
60947,00:00.0,9012
60952,00:00.0,11212
60982,00:00.0,4874
60984,00:00.0,7453
60990,00:00.0,5028
61000,00:00.0,243
61039,00:00.0,6168
61049,00:00.0,10437
61097,00:00.0,321
61123,00:00.0,4649
61129,00:00.0,8255
61146,00:00.0,7868
61181,00:00.0,3558
61205,00:00.0,12330
61210,00:00.0,10805
61270,00:00.0,9618
61282,00:00.0,10150
61288,00:00.0,8836
61326,00:00.0,9599
61343,00:00.0,534
61344,00:00.0,305
61425,00:00.0,10062
61491,00:00.0,6098
61495,00:00.0,6788
61527,00:00.0,4394
61528,00:00.0,9010
61530,00:00.0,8171
61598,00:00.0,10538
61605,00:00.0,8062
61616,00:00.0,2690
61634,00:00.0,5501
61647,00:00.0,509
61658,00:00.0,8551
61672,00:00.0,10897
61687,00:00.0,9861
61700,00:00.0,10307
61704,00:00.0,8375
61763,00:00.0,2369
61780,00:00.0,4114
61790,00:00.0,10464
61830,00:00.0,2089
61857,00:00.0,4797
61870,00:00.0,7399
61883,00:00.0,4823
61915,00:00.0,2650
61923,00:00.0,5958
61932,00:00.0,8979
61950,00:00.0,6452
61960,00:00.0,2643
61983,00:00.0,1900
61987,00:00.0,9176
61994,00:00.0,2799
61996,00:00.0,5468
62003,00:00.0,4033
62026,00:00.0,6521
62033,00:00.0,7510
62072,00:00.0,1146
62073,00:00.0,4654
62076,00:00.0,3529
62077,00:00.0,675
62082,00:00.0,4317
62087,00:00.0,6531
62121,00:00.0,3163
62132,00:00.0,7
62138,00:00.0,4083
62142,00:00.0,6033
62150,00:00.0,10299
62160,00:00.0,3567
62208,00:00.0,9697
62224,00:00.0,10901
62229,00:00.0,9617
62239,00:00.0,4747
62302,00:00.0,4243
62308,00:00.0,175
62324,00:00.0,7636
62325,00:00.0,6696
62333,00:00.0,467
62364,00:00.0,6865
62367,00:00.0,7664
62387,00:00.0,10452
62394,00:00.0,9565
62406,00:00.0,5040
62416,00:00.0,11575
62418,00:00.0,11519
62468,00:00.0,10706
62490,00:00.0,8942
62495,00:00.0,922
62517,00:00.0,10049
62520,00:00.0,4415
62528,00:00.0,6664
62529,00:00.0,7186
62530,00:00.0,12288
62550,00:00.0,8814
62570,00:00.0,9563
62573,00:00.0,10636
62593,00:00.0,11112
62632,00:00.0,9275
62635,00:00.0,1987
62641,00:00.0,8669
62643,00:00.0,6886
62654,00:00.0,1443
62670,00:00.0,10681
62714,00:00.0,914
62739,00:00.0,11888
62787,00:00.0,4783
62910,00:00.0,12087
62932,00:00.0,3254
62948,00:00.0,1521
62966,00:00.0,8463
62967,00:00.0,9240
62980,00:00.0,2329
62986,00:00.0,1028
62994,00:00.0,4087
63000,00:00.0,5527
63007,00:00.0,4019
63039,00:00.0,7040
63069,00:00.0,11522
63076,00:00.0,11653
63085,00:00.0,748
63097,00:00.0,2413
63128,00:00.0,1611
63136,00:00.0,12014
63140,00:00.0,10246
63144,00:00.0,11496
63159,00:00.0,11598
63160,00:00.0,12426
63175,00:00.0,1125
63239,00:00.0,6584
63318,00:00.0,7575
63328,00:00.0,4281
63382,00:00.0,9142
63384,00:00.0,7749
63396,00:00.0,2856
63416,00:00.0,8885
63425,00:00.0,3613
63437,00:00.0,1747
63452,00:00.0,4969
63456,00:00.0,9975
63459,00:00.0,6660
63484,00:00.0,5210
63511,00:00.0,3907
63524,00:00.0,11241
63527,00:00.0,11702
63567,00:00.0,7288
63585,00:00.0,2458
63634,00:00.0,11250
63641,00:00.0,9047
63648,00:00.0,2562
63656,00:00.0,3470
63663,00:00.0,7489
63674,00:00.0,6660
63681,00:00.0,8555
63687,00:00.0,6582
63703,00:00.0,5231
63733,00:00.0,1052
63746,00:00.0,8517
63773,00:00.0,3612
63779,00:00.0,647
63791,00:00.0,5423
63802,00:00.0,10673
63846,00:00.0,8166
63911,00:00.0,5128
63919,00:00.0,12334
63925,00:00.0,8083
63956,00:00.0,7018
63959,00:00.0,6587
63960,00:00.0,3505
63963,00:00.0,13
64018,00:00.0,9389
64044,00:00.0,9443
64045,00:00.0,4200
64047,00:00.0,11427
64059,00:00.0,3395
64062,00:00.0,6493
64074,00:00.0,11251
64091,00:00.0,7926
64099,00:00.0,1158
64122,00:00.0,3317
64127,00:00.0,5744
64147,00:00.0,8496
64163,00:00.0,3975
64167,00:00.0,11351
64168,00:00.0,10231
64192,00:00.0,8482
64202,00:00.0,8706
64258,00:00.0,630
64261,00:00.0,7141
64280,00:00.0,364
64320,00:00.0,9726
64330,00:00.0,759
64331,00:00.0,8963
64343,00:00.0,5651
64345,00:00.0,7406
64392,00:00.0,9895
64408,00:00.0,370
64410,00:00.0,3051
64418,00:00.0,7156
64422,00:00.0,1490
64448,00:00.0,2757
64456,00:00.0,8435
64468,00:00.0,8089
64482,00:00.0,3846
64497,00:00.0,981
64498,00:00.0,3469
64511,00:00.0,10859
64516,00:00.0,2568
64518,00:00.0,3877
64552,00:00.0,155
64553,00:00.0,6782
64565,00:00.0,5644
64578,00:00.0,2255
64589,00:00.0,4278
64597,00:00.0,1532
64623,00:00.0,5494
64658,00:00.0,3993
64691,00:00.0,6334
64706,00:00.0,6023
64712,00:00.0,10357
64732,00:00.0,7720
64801,00:00.0,3388
64804,00:00.0,7937
64818,00:00.0,463
64833,00:00.0,8820
64838,00:00.0,7823
64868,00:00.0,7470
64879,00:00.0,11799
64899,00:00.0,9420
64902,00:00.0,11215
64935,00:00.0,7875
64940,00:00.0,7650
64958,00:00.0,4464
64963,00:00.0,940
64966,00:00.0,5259
64983,00:00.0,12428
65047,00:00.0,9307
65058,00:00.0,8658
65087,00:00.0,3364
65089,00:00.0,2616
65117,00:00.0,12433
65123,00:00.0,5495
65127,00:00.0,10792
65152,00:00.0,7102
65192,00:00.0,8442
65246,00:00.0,10051
65256,00:00.0,2306
65270,00:00.0,3860
65271,00:00.0,11455
65276,00:00.0,5602
65280,00:00.0,8067
65295,00:00.0,6615
65298,00:00.0,584
65305,00:00.0,2495
65314,00:00.0,11187
65346,00:00.0,7406
65348,00:00.0,11899
65354,00:00.0,4378
65393,00:00.0,5736
65422,00:00.0,11657
65425,00:00.0,4299
65432,00:00.0,5409
65452,00:00.0,5773
65501,00:00.0,2318
65503,00:00.0,4861
65508,00:00.0,5311
65526,00:00.0,6300
65556,00:00.0,6003
65562,00:00.0,2630
65581,00:00.0,718
65586,00:00.0,8172
65588,00:00.0,10770
65596,00:00.0,301
65600,00:00.0,4647
65603,00:00.0,12246
65627,00:00.0,3832
65638,00:00.0,6065
65677,00:00.0,628
65698,00:00.0,9411
65737,00:00.0,6251
65755,00:00.0,10865
65756,00:00.0,631
65788,00:00.0,10489
65796,00:00.0,9416
65805,00:00.0,5173
65808,00:00.0,364
65815,00:00.0,10258
65839,00:00.0,1286
65877,00:00.0,11972
65879,00:00.0,2393
65889,00:00.0,4834
65908,00:00.0,9753
65917,00:00.0,5606
65935,00:00.0,1864
65936,00:00.0,4737
65949,00:00.0,7357
65952,00:00.0,736
65974,00:00.0,458
65980,00:00.0,11064
66045,00:00.0,9290
66059,00:00.0,190
66112,00:00.0,11899
66129,00:00.0,1258
66130,00:00.0,4210
66169,00:00.0,3927
66172,00:00.0,3479
66185,00:00.0,8188
66199,00:00.0,1929
66232,00:00.0,2033
66251,00:00.0,6567
66317,00:00.0,8830
66334,00:00.0,6755
66344,00:00.0,353
66387,00:00.0,1415
66398,00:00.0,3464
66410,00:00.0,3658
66412,00:00.0,7287
66414,00:00.0,6454
66416,00:00.0,2377
66434,00:00.0,7817
66445,00:00.0,2810
66446,00:00.0,8886
66469,00:00.0,3619
66473,00:00.0,8202
66483,00:00.0,6375
66503,00:00.0,3070
66504,00:00.0,8417
66537,00:00.0,10221
66611,00:00.0,5104
66645,00:00.0,10885
66688,00:00.0,351
66693,00:00.0,11004
66696,00:00.0,3131
66707,00:00.0,5350
66714,00:00.0,8673
66751,00:00.0,11187
66774,00:00.0,11383
66826,00:00.0,650
66859,00:00.0,10075
66863,00:00.0,8190
66871,00:00.0,1403
66903,00:00.0,10942
66906,00:00.0,1244
66924,00:00.0,3523
66954,00:00.0,2559
66960,00:00.0,5685
66975,00:00.0,4724
66983,00:00.0,11112
66997,00:00.0,3457
67006,00:00.0,9452
67014,00:00.0,4460
67050,00:00.0,9387
67052,00:00.0,2139
67063,00:00.0,6401
67064,00:00.0,6003
67067,00:00.0,10879
67075,00:00.0,1290
67092,00:00.0,10758
67111,00:00.0,8763
67112,00:00.0,10763
67180,00:00.0,8209
67190,00:00.0,4837
67211,00:00.0,755
67225,00:00.0,6763
67330,00:00.0,6587
67368,00:00.0,10278
67428,00:00.0,8177
67436,00:00.0,7954
67440,00:00.0,5244
67466,00:00.0,10076
67468,00:00.0,11678
67499,00:00.0,3365
67509,00:00.0,2826
67531,00:00.0,11753
67532,00:00.0,8581
67587,00:00.0,3458
67588,00:00.0,8116
67612,00:00.0,371
67615,00:00.0,3812
67674,00:00.0,9165
67695,00:00.0,2858
67719,00:00.0,10567
67825,00:00.0,300
67835,00:00.0,4755
67848,00:00.0,2034
67877,00:00.0,9363
67891,00:00.0,3336
67930,00:00.0,5791
67940,00:00.0,4684
67949,00:00.0,11569
67954,00:00.0,9632
67974,00:00.0,6011
67989,00:00.0,5814
67994,00:00.0,12324
68030,00:00.0,7696
68082,00:00.0,5329
68084,00:00.0,11674
68089,00:00.0,3057
68108,00:00.0,5822
68109,00:00.0,10786
68147,00:00.0,4251
68164,00:00.0,11250
68175,00:00.0,2475
68180,00:00.0,9977
68281,00:00.0,2765
68296,00:00.0,2687
68335,00:00.0,11127
68382,00:00.0,12221
68387,00:00.0,1608
68410,00:00.0,11991
68461,00:00.0,759
68478,00:00.0,11716
68483,00:00.0,9974
68520,00:00.0,12309
68542,00:00.0,5035
68593,00:00.0,7043
68596,00:00.0,4246
68610,00:00.0,5200
68621,00:00.0,4266
68670,00:00.0,10673
68679,00:00.0,9001
68708,00:00.0,8852
68722,00:00.0,4258
68734,00:00.0,8510
68740,00:00.0,10691
68809,00:00.0,5946
68830,00:00.0,4952
68854,00:00.0,6528
68864,00:00.0,9634
68875,00:00.0,10637
68877,00:00.0,9692
68882,00:00.0,10000
